Link Name,Center of Mass X,Center of Mass Y,Center of Mass Z,Center of Mass Roll,Center of Mass Pitch,Center of Mass Yaw,Mass,Moment Ixx,Moment Ixy,Moment Ixz,Moment Iyy,Moment Iyz,Moment Izz,Visual X,Visual Y,Visual Z,Visual Roll,Visual Pitch,Visual Yaw,Mesh Filename,Color Red,Color Green,Color Blue,Color Alpha,Collision X,Collision Y,Collision Z,Collision Roll,Collision Pitch,Collision Yaw,Collision Mesh Filename,Material Name,SW Components,Coordinate System,Axis Name,Joint Name,Joint Type,Joint Origin X,Joint Origin Y,Joint Origin Z,Joint Origin Roll,Joint Origin Pitch,Joint Origin Yaw,Parent,Joint Axis X,Joint Axis Y,Joint Axis Z,Limit Effort,Limit Velocity,Limit Lower,Limit Upper,Calibration rising,Calibration falling,Dynamics Damping,Dynamics Friction,Safety Soft Upper,Safety Soft Lower,Safety K Position,Safety K Velocity
base_link,0.042586,-6.9996E-07,-0.0037765,0,0,0,2.9971,0.0067336,-5.4515E-08,0.00089234,0.0027293,5.8126E-09,0.0067867,0,0,0,0,0,0,package://e1_asm/meshes/base_link.STL,0.65098,0.61961,0.58824,1,0,0,0,0,0,0,package://e1_asm/meshes/base_link.STL,,WAIST_E1_V3-1/CRET805_1-1;WAIST_E1_V3-1/4315--2;WAIST_E1_V3-1/EC-A8112-P1-18-1;WAIST_E1_V3-1/7_10_1-1;WAIST_E1_V3-1/EC-A8112-P1-18-2,base_cs,,,,0,0,0,0,0,0,,0,0,0,,,,,,,,,,,,
waist_yaw_link,-0.004235,2.8036E-05,0.049845,0,0,0,1.006,0.00054535,-7.0881E-08,6.5232E-05,0.00050474,2.124E-07,0.00060975,0,0,0,0,0,0,package://e1_asm/meshes/waist_yaw_link.STL,1,1,1,1,0,0,0,0,0,0,package://e1_asm/meshes/waist_yaw_link.STL,,WAIST_E1_V3-1/4315--1;WAIST_E1_V3-1/10003_1-1;WAIST_E1_V3-1/6_10001_1-1;WAIST_E1_V3-1/2_000_1-1;WAIST_E1_V3-1/00_1-2128317-1;WAIST_E1_V3-1/20002_1-1;WAIST_E1_V3-1/3_000_1-1;WAIST_E1_V3-1/6001-2RSH_W64_ASM_1_ASM-1/6001-2RSH_W64_01-1-SOLID1_1-1;WAIST_E1_V3-1/6001-2RSH_W64_ASM_1_ASM-1/6001-2RSH_W64_02-1-SOLID1_1-1;WAIST_E1_V3-1/6001-2RSH_W64_ASM_1_ASM-1/6001-2RSH_W64_03-1-SOLID1_1-1;WAIST_E1_V3-1/6001-2RSH_W64_ASM_1_ASM-1/6001-2RSH_W64_05-1-SOLID1_1-1;WAIST_E1_V3-1/6001-2RSH_W64_ASM_1_ASM-1/6001-2RSH_W64_04-1-SOLID1_1-1,waist_yaw_cs,waist_yaw_axis,waist_yaw_joint,revolute,0.039315,0,0.027475,0,0,0,base_link,0,0,1,0,0,-1.57,1.57,,,,,,,,
waist_roll_link,0.006148,0.00014746,0.15123,0,0,0,7.1002,0.056161,-3.5281E-05,0.0013235,0.035368,-4.7363E-05,0.032169,0,0,0,0,0,0,package://e1_asm/meshes/waist_roll_link.STL,0.89804,0.91765,0.92941,1,0,0,0,0,0,0,package://e1_asm/meshes/waist_roll_link.STL,,WAIST_E1_V3-1/SLDPRT0001_1-1;BODDY_E1_V3-1/PCBA_ASM_9_ASM-1/PCB00_1-1;BODDY_E1_V3-1/PCBA_ASM_9_ASM-1/PCB00_1-2;BODDY_E1_V3-1/PCBA_ASM_9_ASM-1/PCB_1-1;BODDY_E1_V3-1/PCBA_ASM_9_ASM-1/USB-PCB_8-1;BODDY_E1_V3-1/PCBA_ASM_9_ASM-1/M3X7000_1-1;BODDY_E1_V3-1/PCBA_ASM_9_ASM-1/M3X7000_1-2;BODDY_E1_V3-1/PCBA_ASM_9_ASM-1/M3X7000_1-3;BODDY_E1_V3-1/PCBA_ASM_9_ASM-1/M3X7000_1-4;BODDY_E1_V3-1/PCBA_ASM_9_ASM-1/XT60PW-M_1-1;BODDY_E1_V3-1/PCBA_ASM_9_ASM-1/XT60PW-M_1-2;BODDY_E1_V3-1/PCBA_ASM_9_ASM-1/XT60PW-M_1-3;BODDY_E1_V3-1/PCBA_ASM_9_ASM-1/XT60PW-M_1-4;BODDY_E1_V3-1/PCBA_ASM_9_ASM-1/XT60PW-M_1-5;BODDY_E1_V3-1/PCBA_ASM_9_ASM-1/001_8-1;BODDY_E1_V3-1/BATTERY_ASM_26_ASM-1/001_ASM_1_ASM-1/SYDL_18650_35V_13S2P_ASSEMBL_77-1;BODDY_E1_V3-1/BATTERY_ASM_26_ASM-1/001_ASM_1_ASM-1/SYDL_18650_35V_13S2P_ASSEMBL_78-1;BODDY_E1_V3-1/BATTERY_ASM_26_ASM-1/001_ASM_1_ASM-1/SYDL_18650_35V_13S2P_ASSEMBL_80-1;BODDY_E1_V3-1/BATTERY_ASM_26_ASM-1/001_ASM_1_ASM-1/SYDL_18650_35V_13S2P_ASSEMBL_84-1;BODDY_E1_V3-1/BATTERY_ASM_26_ASM-1/001_ASM_1_ASM-1/SYDL_18650_35V_13S2P_ASSEMBL_82-1;BODDY_E1_V3-1/BATTERY_ASM_26_ASM-1/00_9_ASM-1/00_9_1-1;BODDY_E1_V3-1/BATTERY_ASM_26_ASM-1/00_9_ASM-1/00_9_2-1;BODDY_E1_V3-1/BATTERY_ASM_26_ASM-1/00_9_ASM-1/00_9_3-1;BODDY_E1_V3-1/BATTERY_ASM_26_ASM-1/00_9_ASM-1/00_9_4-1;BODDY_E1_V3-1/BATTERY_ASM_26_ASM-1/0018_5-1;BODDY_E1_V3-1/BATTERY_ASM_26_ASM-1/00_1-374886-1;BODDY_E1_V3-1/BATTERY_ASM_26_ASM-1/00_1-374886-2;BODDY_E1_V3-1/BATTERY_ASM_26_ASM-1/00_1-374886-3;BODDY_E1_V3-1/BATTERY_ASM_26_ASM-1/00_1-374886-4;BODDY_E1_V3-1/BATTERY_ASM_26_ASM-1/00_1-374886-5;BODDY_E1_V3-1/BATTERY_ASM_26_ASM-1/00_1-374886-6;BODDY_E1_V3-1/BATTERY_ASM_26_ASM-1/00_1-374886-7;BODDY_E1_V3-1/BATTERY_ASM_26_ASM-1/00_1-374886-8;BODDY_E1_V3-1/BATTERY_ASM_26_ASM-1/KEYT_13-1;BODDY_E1_V3-1/BATTERY_ASM_26_ASM-1/battery_e1_r1-1;BODDY_E1_V3-1/0024_1_ASM-1/0024_1_1-1;BODDY_E1_V3-1/0024_1_ASM-1/0024_1_2-1;BODDY_E1_V3-1/0024_1_ASM-1/0024_1_3-1;BODDY_E1_V3-1/0024_1_ASM-1/0024_1_4-1;BODDY_E1_V3-1/BODY-00_10-1;BODDY_E1_V3-1/BODY-00_12-1;BODDY_E1_V3-1/0023_1-1;BODDY_E1_V3-1/0023_1-2;BODDY_E1_V3-1/00_1-409808-1;BODDY_E1_V3-1/0025_1-1;BODDY_E1_V3-1/0025_1-2;BODDY_E1_V3-1/M3-L6-Y_1-1;BODDY_E1_V3-1/M3-L6-Y_1-2;BODDY_E1_V3-1/M3-L6-Y_1-3;BODDY_E1_V3-1/M3-L6-Y_1-4;SUPPORT_E1_BODY_V3-1/BREP_2_1_2_1-1;SUPPORT_E1_BODY_V3-1/BREP_6_1_1-1;HEAD_E1_V3-1/BREP_1-3914_1_30_1-1;HEAD_E1_V3-1/0003_80_1-1;HEAD_E1_V3-1/00_92_1-1,waist_roll_cs,waist_roll_axis,waist_roll_joint,revolute,0,0,0.061,0.0013991,0,0,waist_yaw_link,1,0,0,0,0,-0.52,0.52,,,,,,,,
r_arm_shoulder_pitch_link,0.00060309,-0.024076,5.413E-05,0,0,0,1.0941,0.00052032,-1.1815E-05,-4.5375E-07,0.00058574,2.5554E-07,0.00050718,0,0,0,0,0,0,package://e1_asm/meshes/r_arm_shoulder_pitch_link.STL,0.89804,0.91765,0.92941,1,0,0,0,0,0,0,package://e1_asm/meshes/r_arm_shoulder_pitch_link.STL,,ARM_E1_RIGHT_V3-1/1_ASM_3_ASM-1/1-A_7-1;ARM_E1_RIGHT_V3-1/1_ASM_3_ASM-1/1-B_4-1;ARM_E1_RIGHT_V3-1/1_ASM_3_ASM-1/M3-L8-P_1-1;ARM_E1_RIGHT_V3-1/1_ASM_3_ASM-1/M3-L8-P_1-2;ARM_E1_RIGHT_V3-1/1_ASM_3_ASM-1/M3-L8-P_1-3;ARM_E1_RIGHT_V3-1/1_ASM_3_ASM-1/M3-L8-P_1-4;ARM_E1_RIGHT_V3-1/1_ASM_3_ASM-1/M3-L6-Y_1-1;ARM_E1_RIGHT_V3-1/1_ASM_3_ASM-1/M3-L6-Y_1-2;ARM_E1_RIGHT_V3-1/1_ASM_3_ASM-1/M3-L6-Y_1-3;ARM_E1_RIGHT_V3-1/1_ASM_3_ASM-1/M3-L6-Y_1-4;ARM_E1_RIGHT_V3-1/1_ASM_3_ASM-1/M3-L6-Y_1-5;ARM_E1_RIGHT_V3-1/1_ASM_3_ASM-1/M3-L6-Y_1-6;ARM_E1_RIGHT_V3-1/1_ASM_3_ASM-1/L_6-1;ARM_E1_RIGHT_V3-1/1_ASM_3_ASM-1/DM_4340-1;ARM_E1_RIGHT_V3-1/1_ASM_3_ASM-1/DM_4340-3,r_arm_shoulder_pitch_cs,r_arm_shoulder_pitch_axis,r_arm_shoulder_pitch_joint,revolute,-0.00096779,-0.10489,0.2532,-0.17592,0,0,waist_roll_link,0,1,0,0,0,-2.84,2.84,,,,,,,,
r_arm_shoulder_roll_link,-0.00051493,-0.034326,-0.070921,0,0,0,0.85522,0.00094521,-1.4574E-06,-2.3429E-06,0.00076586,-0.00010809,0.00045567,0,0,0,0,0,0,package://e1_asm/meshes/r_arm_shoulder_roll_link.STL,0.89804,0.91765,0.92941,1,0,0,0,0,0,0,package://e1_asm/meshes/r_arm_shoulder_roll_link.STL,,ARM_E1_RIGHT_V3-1/装配体6^ARM_E1_RIGHT_V3-1/2_ASM_2_ASM-1/R2-B_2-1;ARM_E1_RIGHT_V3-1/装配体6^ARM_E1_RIGHT_V3-1/2_ASM_2_ASM-1/R2-A_13-1;ARM_E1_RIGHT_V3-1/装配体6^ARM_E1_RIGHT_V3-1/2_ASM_2_ASM-1/M3-L8_1-1;ARM_E1_RIGHT_V3-1/装配体6^ARM_E1_RIGHT_V3-1/2_ASM_2_ASM-1/BEARING20X27X4100_1_1-1;ARM_E1_RIGHT_V3-1/装配体6^ARM_E1_RIGHT_V3-1/2_ASM_2_ASM-1/M3-L8_1-2;ARM_E1_RIGHT_V3-1/装配体6^ARM_E1_RIGHT_V3-1/2_ASM_2_ASM-1/M3-L8_1-3;ARM_E1_RIGHT_V3-1/装配体6^ARM_E1_RIGHT_V3-1/2_ASM_2_ASM-1/M3-L8_1-4;ARM_E1_RIGHT_V3-1/装配体6^ARM_E1_RIGHT_V3-1/2_ASM_2_ASM-1/M3-L8_1-5;ARM_E1_RIGHT_V3-1/装配体6^ARM_E1_RIGHT_V3-1/2_ASM_2_ASM-1/M3-L8_1-6;ARM_E1_RIGHT_V3-1/装配体6^ARM_E1_RIGHT_V3-1/2_ASM_2_ASM-1/M3-L8-P_1-1;ARM_E1_RIGHT_V3-1/装配体6^ARM_E1_RIGHT_V3-1/2_ASM_2_ASM-1/M3-L8-P_1-2;ARM_E1_RIGHT_V3-1/装配体6^ARM_E1_RIGHT_V3-1/2_ASM_2_ASM-1/M3-L8-P_1-3;ARM_E1_RIGHT_V3-1/装配体6^ARM_E1_RIGHT_V3-1/2_ASM_2_ASM-1/M3-L8-P_1-4;ARM_E1_RIGHT_V3-1/装配体6^ARM_E1_RIGHT_V3-1/2_ASM_2_ASM-1/M3-L8-P_1-5;ARM_E1_RIGHT_V3-1/装配体6^ARM_E1_RIGHT_V3-1/2_ASM_2_ASM-1/M3-L8_1-7;ARM_E1_RIGHT_V3-1/装配体6^ARM_E1_RIGHT_V3-1/2_ASM_2_ASM-1/M3-L8_1-8;ARM_E1_RIGHT_V3-1/装配体6^ARM_E1_RIGHT_V3-1/2_ASM_2_ASM-1/R2-E_1-1;ARM_E1_RIGHT_V3-1/装配体6^ARM_E1_RIGHT_V3-1/2_ASM_2_ASM-1/M3-L8_1-9;ARM_E1_RIGHT_V3-1/装配体6^ARM_E1_RIGHT_V3-1/2_ASM_2_ASM-1/M3-L8_1-10;ARM_E1_RIGHT_V3-1/装配体6^ARM_E1_RIGHT_V3-1/2_ASM_2_ASM-1/2-C_1-1;ARM_E1_RIGHT_V3-1/装配体6^ARM_E1_RIGHT_V3-1/2_ASM_2_ASM-1/2-D_1-1;ARM_E1_RIGHT_V3-1/装配体6^ARM_E1_RIGHT_V3-1/2_ASM_2_ASM-1/DM_4340-1,r_arm_shoulder_roll_cs,r_arm_shoulder_roll_axis,r_arm_shoulder_roll_joint,revolute,0,-0.062729,0,0.17452,9.7354E-05,1.7164E-05,r_arm_shoulder_pitch_link,1,0,0,0,0,-2.27,0.08,,,,,,,,
r_arm_shoulder_yaw_link,0.013235,-0.0029162,-0.091422,0,0,0,0.68623,0.00058182,-1.0842E-06,0.00010076,0.00075777,2.7432E-06,0.00033742,0,0,0,0,0,0,package://e1_asm/meshes/r_arm_shoulder_yaw_link.STL,0.89804,0.91765,0.92941,1,0,0,0,0,0,0,package://e1_asm/meshes/r_arm_shoulder_yaw_link.STL,,ARM_E1_RIGHT_V3-1/装配体6^ARM_E1_RIGHT_V3-1/3_ASM_2_ASM-1/R3-A_4-1;ARM_E1_RIGHT_V3-1/装配体6^ARM_E1_RIGHT_V3-1/3_ASM_2_ASM-1/R3-B_4-1;ARM_E1_RIGHT_V3-1/装配体6^ARM_E1_RIGHT_V3-1/3_ASM_2_ASM-1/M3-L8-P_1-1;ARM_E1_RIGHT_V3-1/装配体6^ARM_E1_RIGHT_V3-1/3_ASM_2_ASM-1/M3-L8-P_1-2;ARM_E1_RIGHT_V3-1/装配体6^ARM_E1_RIGHT_V3-1/3_ASM_2_ASM-1/M3-L8-P_1-3;ARM_E1_RIGHT_V3-1/装配体6^ARM_E1_RIGHT_V3-1/3_ASM_2_ASM-1/M3-L8-P_1-4;ARM_E1_RIGHT_V3-1/装配体6^ARM_E1_RIGHT_V3-1/3_ASM_2_ASM-1/M3-L8_1-1;ARM_E1_RIGHT_V3-1/装配体6^ARM_E1_RIGHT_V3-1/3_ASM_2_ASM-1/M3-L8_1-2;ARM_E1_RIGHT_V3-1/装配体6^ARM_E1_RIGHT_V3-1/3_ASM_2_ASM-1/M3-L8_1-3;ARM_E1_RIGHT_V3-1/装配体6^ARM_E1_RIGHT_V3-1/3_ASM_2_ASM-1/M3-L8_1-4;ARM_E1_RIGHT_V3-1/装配体6^ARM_E1_RIGHT_V3-1/3_ASM_2_ASM-1/M3-L8_1-5;ARM_E1_RIGHT_V3-1/装配体6^ARM_E1_RIGHT_V3-1/3_ASM_2_ASM-1/M3-L8_1-6;ARM_E1_RIGHT_V3-1/装配体6^ARM_E1_RIGHT_V3-1/3_ASM_2_ASM-1/M3-L8_1-7;ARM_E1_RIGHT_V3-1/装配体6^ARM_E1_RIGHT_V3-1/3_ASM_2_ASM-1/M3-L8_1-8;ARM_E1_RIGHT_V3-1/装配体6^ARM_E1_RIGHT_V3-1/3_ASM_2_ASM-1/M3-L8_1-9;ARM_E1_RIGHT_V3-1/装配体6^ARM_E1_RIGHT_V3-1/3_ASM_2_ASM-1/M3-L8_1-10;ARM_E1_RIGHT_V3-1/装配体6^ARM_E1_RIGHT_V3-1/3_ASM_2_ASM-1/DM_4340-1,r_arm_shoulder_yaw_cs,r_arm_shoulder_yaw_axis,r_arm_shoulder_yaw_joint,revolute,-2.8267E-05,-0.039606,-0.10383,-0.087254,-9.8853E-05,0,r_arm_shoulder_roll_link,0,0,1,0,0,-2.62,2.62,,,,,,,,
r_arm_elbow_pitch_link,-0.009005,0.00082819,-0.069034,0,0,0,0.67928,0.00060792,9.9716E-07,-2.8242E-05,0.00069948,4.7925E-06,0.00032802,0,0,0,0,0,0,package://e1_asm/meshes/r_arm_elbow_pitch_link.STL,0.89804,0.91765,0.92941,1,0,0,0,0,0,0,package://e1_asm/meshes/r_arm_elbow_pitch_link.STL,,ARM_E1_RIGHT_V3-1/装配体6^ARM_E1_RIGHT_V3-1/4_ASM_1_ASM-1/4-B_2-1;ARM_E1_RIGHT_V3-1/装配体6^ARM_E1_RIGHT_V3-1/4_ASM_1_ASM-1/4-A_1-1;ARM_E1_RIGHT_V3-1/装配体6^ARM_E1_RIGHT_V3-1/4_ASM_1_ASM-1/BEARING20X27X4100_1_1-1;ARM_E1_RIGHT_V3-1/装配体6^ARM_E1_RIGHT_V3-1/4_ASM_1_ASM-1/R2-E_1-1;ARM_E1_RIGHT_V3-1/装配体6^ARM_E1_RIGHT_V3-1/4_ASM_1_ASM-1/M3-L8_1-1;ARM_E1_RIGHT_V3-1/装配体6^ARM_E1_RIGHT_V3-1/4_ASM_1_ASM-1/M3-L8_1-2;ARM_E1_RIGHT_V3-1/装配体6^ARM_E1_RIGHT_V3-1/4_ASM_1_ASM-1/M3-L8_1-3;ARM_E1_RIGHT_V3-1/装配体6^ARM_E1_RIGHT_V3-1/4_ASM_1_ASM-1/M3-L8_1-4;ARM_E1_RIGHT_V3-1/装配体6^ARM_E1_RIGHT_V3-1/4_ASM_1_ASM-1/M3-L8_1-5;ARM_E1_RIGHT_V3-1/装配体6^ARM_E1_RIGHT_V3-1/4_ASM_1_ASM-1/M3-L8_1-6;ARM_E1_RIGHT_V3-1/装配体6^ARM_E1_RIGHT_V3-1/4_ASM_1_ASM-1/M3-L8_1-7;ARM_E1_RIGHT_V3-1/装配体6^ARM_E1_RIGHT_V3-1/4_ASM_1_ASM-1/M3-L8_1-8;ARM_E1_RIGHT_V3-1/装配体6^ARM_E1_RIGHT_V3-1/4_ASM_1_ASM-1/M3-L8_1-9;ARM_E1_RIGHT_V3-1/装配体6^ARM_E1_RIGHT_V3-1/4_ASM_1_ASM-1/M3-L8_1-10;ARM_E1_RIGHT_V3-1/装配体6^ARM_E1_RIGHT_V3-1/4_ASM_1_ASM-1/DM_4340-1,r_arm_elbow_pitch_cs,r_arm_elbow_pitch_axis,r_arm_elbow_pitch_joint,revolute,0.020023,-0.00026895,-0.10514,0,0,0,r_arm_shoulder_yaw_link,0,1,0,0,0,-2.44,0,,,,,,,,
r_arm_elbow_yaw_link,0.0025569,0.0017155,-0.1146,0,0,0,0.68401,0.00093064,-8.3328E-06,3.1329E-05,0.0010746,6.7164E-05,0.0003707,0,0,0,0,0,0,package://e1_asm/meshes/r_arm_elbow_yaw_link.STL,0.65098,0.61961,0.58824,1,0,0,0,0,0,0,package://e1_asm/meshes/r_arm_elbow_yaw_link.STL,,ARM_E1_RIGHT_V3-1/装配体6^ARM_E1_RIGHT_V3-1/SHOULDERS-E_1-1;ARM_E1_RIGHT_V3-1/装配体6^ARM_E1_RIGHT_V3-1/L-XB_1-1;ARM_E1_RIGHT_V3-1/装配体6^ARM_E1_RIGHT_V3-1/LS_4-1,r_arm_elbow_yaw_cs,r_arm_elbow_yaw_axis,r_arm_elbow_yaw_joint,revolute,-0.0099976,0.0004785,-0.11136,0,0,0,r_arm_elbow_pitch_link,0,0,1,0,0,-2.8,2.8,,,,,,,,
l_arm_shoulder_pitch_link,0.00060269,0.024046,7.0058E-05,0,0,0,1.094,0.00052029,1.1768E-05,-4.832E-07,0.00058524,-5.1567E-07,0.00050755,0,0,0,0,0,0,package://e1_asm/meshes/l_arm_shoulder_pitch_link.STL,0.89804,0.91765,0.92941,1,0,0,0,0,0,0,package://e1_asm/meshes/l_arm_shoulder_pitch_link.STL,,ARM_E1_LEFT_V3-1/1_MIR_ASM_1_ASM-1/1-A_MIR_6-1;ARM_E1_LEFT_V3-1/1_MIR_ASM_1_ASM-1/M3-L8-P_MIR_1-1;ARM_E1_LEFT_V3-1/1_MIR_ASM_1_ASM-1/M3-L8-P_MIR_1-2;ARM_E1_LEFT_V3-1/1_MIR_ASM_1_ASM-1/M3-L8-P_MIR_1-3;ARM_E1_LEFT_V3-1/1_MIR_ASM_1_ASM-1/M3-L8-P_MIR_1-4;ARM_E1_LEFT_V3-1/1_MIR_ASM_1_ASM-1/M3-L6-Y_MIR_1-1;ARM_E1_LEFT_V3-1/1_MIR_ASM_1_ASM-1/M3-L6-Y_MIR_1-2;ARM_E1_LEFT_V3-1/1_MIR_ASM_1_ASM-1/M3-L6-Y_MIR_1-3;ARM_E1_LEFT_V3-1/1_MIR_ASM_1_ASM-1/M3-L6-Y_MIR_1-4;ARM_E1_LEFT_V3-1/1_MIR_ASM_1_ASM-1/M3-L6-Y_MIR_1-5;ARM_E1_LEFT_V3-1/1_MIR_ASM_1_ASM-1/M3-L6-Y_MIR_1-6;ARM_E1_LEFT_V3-1/1_MIR_ASM_1_ASM-1/R_5-1;ARM_E1_LEFT_V3-1/1_MIR_ASM_1_ASM-1/DM_4340-1;ARM_E1_LEFT_V3-1/1_MIR_ASM_1_ASM-1/DM_4340-2;ARM_E1_LEFT_V3-1/1_MIR_ASM_1_ASM-1/1-B_4_mir-1,l_arm_shoulder_pitch_cs,l_arm_shoulder_pitch_axis,l_arm_shoulder_pitch_joint,revolute,-0.00096779,0.1056,0.25291,0.17312,0,0,waist_roll_link,0,1,0,0,0,-2.84,2.84,,,,,,,,
l_arm_shoulder_roll_link,-0.000539598213112086,0.0342623863488591,-0.0734329592746366,0,0,0,0.855374653850338,0.000944890296284062,1.13107868887423E-06,-2.2295603979861E-06,0.000766524578742922,0.000108277097167632,0.000455747542300329,0,0,0,0,0,0,package://e1_asm/meshes/l_arm_shoulder_roll_link.STL,0.898039215686275,0.917647058823529,0.929411764705882,1,0,0,0,0,0,0,package://e1_asm/meshes/l_arm_shoulder_roll_link.STL,,ARM_E1_LEFT_V3-1/装配体7^ARM_E1_LEFT_V3-1/2_MIR_ASM_1_ASM-1/2-B_MIR_3-1;ARM_E1_LEFT_V3-1/装配体7^ARM_E1_LEFT_V3-1/2_MIR_ASM_1_ASM-1/2-A_MIR_5-1;ARM_E1_LEFT_V3-1/装配体7^ARM_E1_LEFT_V3-1/2_MIR_ASM_1_ASM-1/M3-L8_MIR_1-1;ARM_E1_LEFT_V3-1/装配体7^ARM_E1_LEFT_V3-1/2_MIR_ASM_1_ASM-1/BEARING20X27X4100_1_MIR_1-1;ARM_E1_LEFT_V3-1/装配体7^ARM_E1_LEFT_V3-1/2_MIR_ASM_1_ASM-1/M3-L8_MIR_1-2;ARM_E1_LEFT_V3-1/装配体7^ARM_E1_LEFT_V3-1/2_MIR_ASM_1_ASM-1/M3-L8_MIR_1-3;ARM_E1_LEFT_V3-1/装配体7^ARM_E1_LEFT_V3-1/2_MIR_ASM_1_ASM-1/M3-L8_MIR_1-4;ARM_E1_LEFT_V3-1/装配体7^ARM_E1_LEFT_V3-1/2_MIR_ASM_1_ASM-1/M3-L8_MIR_1-5;ARM_E1_LEFT_V3-1/装配体7^ARM_E1_LEFT_V3-1/2_MIR_ASM_1_ASM-1/M3-L8_MIR_1-6;ARM_E1_LEFT_V3-1/装配体7^ARM_E1_LEFT_V3-1/2_MIR_ASM_1_ASM-1/M3-L8-P_MIR_1-1;ARM_E1_LEFT_V3-1/装配体7^ARM_E1_LEFT_V3-1/2_MIR_ASM_1_ASM-1/M3-L8-P_MIR_1-2;ARM_E1_LEFT_V3-1/装配体7^ARM_E1_LEFT_V3-1/2_MIR_ASM_1_ASM-1/M3-L8-P_MIR_1-3;ARM_E1_LEFT_V3-1/装配体7^ARM_E1_LEFT_V3-1/2_MIR_ASM_1_ASM-1/M3-L8-P_MIR_1-4;ARM_E1_LEFT_V3-1/装配体7^ARM_E1_LEFT_V3-1/2_MIR_ASM_1_ASM-1/M3-L8-P_MIR_1-5;ARM_E1_LEFT_V3-1/装配体7^ARM_E1_LEFT_V3-1/2_MIR_ASM_1_ASM-1/M3-L8_MIR_1-7;ARM_E1_LEFT_V3-1/装配体7^ARM_E1_LEFT_V3-1/2_MIR_ASM_1_ASM-1/M3-L8_MIR_1-8;ARM_E1_LEFT_V3-1/装配体7^ARM_E1_LEFT_V3-1/2_MIR_ASM_1_ASM-1/M3-L8_MIR_1-9;ARM_E1_LEFT_V3-1/装配体7^ARM_E1_LEFT_V3-1/2_MIR_ASM_1_ASM-1/M3-L8_MIR_1-10;ARM_E1_LEFT_V3-1/装配体7^ARM_E1_LEFT_V3-1/2_MIR_ASM_1_ASM-1/2-C_MIR_1-1;ARM_E1_LEFT_V3-1/装配体7^ARM_E1_LEFT_V3-1/2_MIR_ASM_1_ASM-1/2-D_MIR_3-1;ARM_E1_LEFT_V3-1/装配体7^ARM_E1_LEFT_V3-1/2_MIR_ASM_1_ASM-1/R2-E-MIR_1-1;ARM_E1_LEFT_V3-1/装配体7^ARM_E1_LEFT_V3-1/2_MIR_ASM_1_ASM-1/DM_4340-1,l_arm_shoulder_roll_cs,l_arm_shoulder_roll_axis,l_arm_shoulder_roll_joint,revolute,0,0.062729,0,-0.17452,9.7349E-05,-1.7164E-05,l_arm_shoulder_pitch_link,1,0,0,0,0,-0.08,2.27,,,,,,,,
l_arm_shoulder_yaw_link,0.0132446822249424,0.00291645459275502,-0.0914227048454295,0,0,0,0.686221077414951,0.000581747622479782,1.07368704251509E-06,0.000100808364655724,0.000757741940023173,-2.75603735551275E-06,0.000337466230046064,0,0,0,0,0,0,package://e1_asm/meshes/l_arm_shoulder_yaw_link.STL,0.898039215686275,0.917647058823529,0.929411764705882,1,0,0,0,0,0,0,package://e1_asm/meshes/l_arm_shoulder_yaw_link.STL,,ARM_E1_LEFT_V3-1/装配体7^ARM_E1_LEFT_V3-1/3_MIR_ASM_1_ASM-1/3-A_MIR_3-1;ARM_E1_LEFT_V3-1/装配体7^ARM_E1_LEFT_V3-1/3_MIR_ASM_1_ASM-1/3-B_MIR_4-1;ARM_E1_LEFT_V3-1/装配体7^ARM_E1_LEFT_V3-1/3_MIR_ASM_1_ASM-1/M3-L8-P_MIR_1-1;ARM_E1_LEFT_V3-1/装配体7^ARM_E1_LEFT_V3-1/3_MIR_ASM_1_ASM-1/M3-L8-P_MIR_1-2;ARM_E1_LEFT_V3-1/装配体7^ARM_E1_LEFT_V3-1/3_MIR_ASM_1_ASM-1/M3-L8-P_MIR_1-3;ARM_E1_LEFT_V3-1/装配体7^ARM_E1_LEFT_V3-1/3_MIR_ASM_1_ASM-1/M3-L8-P_MIR_1-4;ARM_E1_LEFT_V3-1/装配体7^ARM_E1_LEFT_V3-1/3_MIR_ASM_1_ASM-1/M3-L8_MIR_1-1;ARM_E1_LEFT_V3-1/装配体7^ARM_E1_LEFT_V3-1/3_MIR_ASM_1_ASM-1/M3-L8_MIR_1-2;ARM_E1_LEFT_V3-1/装配体7^ARM_E1_LEFT_V3-1/3_MIR_ASM_1_ASM-1/M3-L8_MIR_1-3;ARM_E1_LEFT_V3-1/装配体7^ARM_E1_LEFT_V3-1/3_MIR_ASM_1_ASM-1/M3-L8_MIR_1-4;ARM_E1_LEFT_V3-1/装配体7^ARM_E1_LEFT_V3-1/3_MIR_ASM_1_ASM-1/M3-L8_MIR_1-5;ARM_E1_LEFT_V3-1/装配体7^ARM_E1_LEFT_V3-1/3_MIR_ASM_1_ASM-1/M3-L8_MIR_1-6;ARM_E1_LEFT_V3-1/装配体7^ARM_E1_LEFT_V3-1/3_MIR_ASM_1_ASM-1/M3-L8_MIR_1-7;ARM_E1_LEFT_V3-1/装配体7^ARM_E1_LEFT_V3-1/3_MIR_ASM_1_ASM-1/M3-L8_MIR_1-8;ARM_E1_LEFT_V3-1/装配体7^ARM_E1_LEFT_V3-1/3_MIR_ASM_1_ASM-1/M3-L8_MIR_1-9;ARM_E1_LEFT_V3-1/装配体7^ARM_E1_LEFT_V3-1/3_MIR_ASM_1_ASM-1/M3-L8_MIR_1-10;ARM_E1_LEFT_V3-1/装配体7^ARM_E1_LEFT_V3-1/3_MIR_ASM_1_ASM-1/DM_4340-1,l_arm_shoulder_yaw_cs,l_arm_shoulder_yaw_axis,l_arm_shoulder_yaw_joint,revolute,-1.7661E-05,0.039606,-0.10635,0.087254,-9.8853E-05,0,l_arm_shoulder_roll_link,0,0,1,0,0,-2.62,2.62,,,,,,,,
l_arm_elbow_pitch_link,-0.00899717051039112,-0.000828171568234198,-0.069032710653234,0,0,0,0.679300178000308,0.000607938237959616,-9.14124865446662E-07,-2.8233876173012E-05,0.000699495392659838,-4.78471570914571E-06,0.00032802413218503,0,0,0,0,0,0,package://e1_asm/meshes/l_arm_elbow_pitch_link.STL,0.898039215686275,0.917647058823529,0.929411764705882,1,0,0,0,0,0,0,package://e1_asm/meshes/l_arm_elbow_pitch_link.STL,,ARM_E1_LEFT_V3-1/装配体7^ARM_E1_LEFT_V3-1/4_MIR_ASM_2_ASM-1/4-B_MIR_4-1;ARM_E1_LEFT_V3-1/装配体7^ARM_E1_LEFT_V3-1/4_MIR_ASM_2_ASM-1/4-A_MIR_3-1;ARM_E1_LEFT_V3-1/装配体7^ARM_E1_LEFT_V3-1/4_MIR_ASM_2_ASM-1/BEARING20X27X4100_1_MIR_1-1;ARM_E1_LEFT_V3-1/装配体7^ARM_E1_LEFT_V3-1/4_MIR_ASM_2_ASM-1/R2-E-MIR_1-1;ARM_E1_LEFT_V3-1/装配体7^ARM_E1_LEFT_V3-1/4_MIR_ASM_2_ASM-1/M3-L8_MIR_1-1;ARM_E1_LEFT_V3-1/装配体7^ARM_E1_LEFT_V3-1/4_MIR_ASM_2_ASM-1/M3-L8_MIR_1-2;ARM_E1_LEFT_V3-1/装配体7^ARM_E1_LEFT_V3-1/4_MIR_ASM_2_ASM-1/M3-L8_MIR_1-3;ARM_E1_LEFT_V3-1/装配体7^ARM_E1_LEFT_V3-1/4_MIR_ASM_2_ASM-1/M3-L8_MIR_1-4;ARM_E1_LEFT_V3-1/装配体7^ARM_E1_LEFT_V3-1/4_MIR_ASM_2_ASM-1/M3-L8_MIR_1-5;ARM_E1_LEFT_V3-1/装配体7^ARM_E1_LEFT_V3-1/4_MIR_ASM_2_ASM-1/M3-L8_MIR_1-6;ARM_E1_LEFT_V3-1/装配体7^ARM_E1_LEFT_V3-1/4_MIR_ASM_2_ASM-1/M3-L8_MIR_1-7;ARM_E1_LEFT_V3-1/装配体7^ARM_E1_LEFT_V3-1/4_MIR_ASM_2_ASM-1/M3-L8_MIR_1-8;ARM_E1_LEFT_V3-1/装配体7^ARM_E1_LEFT_V3-1/4_MIR_ASM_2_ASM-1/M3-L8_MIR_1-9;ARM_E1_LEFT_V3-1/装配体7^ARM_E1_LEFT_V3-1/4_MIR_ASM_2_ASM-1/M3-L8_MIR_1-10;ARM_E1_LEFT_V3-1/装配体7^ARM_E1_LEFT_V3-1/4_MIR_ASM_2_ASM-1/DM_4340-1,l_arm_elbow_pitch_cs,l_arm_elbow_pitch_axis,l_arm_elbow_pitch_joint,revolute,0.020034,0.00026912,-0.10514,0,0,0,l_arm_shoulder_yaw_link,0,1,0,0,0,-2.44,0,,,,,,,,
l_arm_elbow_yaw_link,0.00251467802234359,-0.00170821290423195,-0.114491169986255,0,0,0,0.683227461979342,0.000929383373307571,8.15778200624815E-06,3.01927876732146E-05,0.00107146061872823,-6.69466684078273E-05,0.00036874558323729,0,0,0,0,0,0,package://e1_asm/meshes/l_arm_elbow_yaw_link.STL,0.650980392156863,0.619607843137255,0.588235294117647,1,0,0,0,0,0,0,package://e1_asm/meshes/l_arm_elbow_yaw_link.STL,,ARM_E1_LEFT_V3-1/装配体7^ARM_E1_LEFT_V3-1/SHOULDERS-E_1-1;ARM_E1_LEFT_V3-1/装配体7^ARM_E1_LEFT_V3-1/RS_4-1;ARM_E1_LEFT_V3-1/装配体7^ARM_E1_LEFT_V3-1/R-XB_4-1,l_arm_elbow_yaw_cs,l_arm_elbow_yaw_axis,l_arm_elbow_yaw_joint,revolute,-0.0099866,-0.0004785,-0.11136,0,0,0,l_arm_elbow_pitch_link,0,0,1,0,0,-2.8,2.8,,,,,,,,
r_leg_hip_yaw_link,-0.016826,-2.7533E-05,-0.06709,0,0,0,1.2996,0.0021742,5.3149E-07,5.6437E-06,0.0012632,-1.8452E-06,0.0011525,0,0,0,0,0,0,package://e1_asm/meshes/r_leg_hip_yaw_link.STL,0.89804,0.91765,0.92941,1,0,0,0,0,0,0,package://e1_asm/meshes/r_leg_hip_yaw_link.STL,,HIP_E1_V3-2/r_hip_yaw_e1_v3^HIP_E1_V3-1/HIP_ROLL_MOTOR_FIX_2_1_1-1;HIP_E1_V3-2/r_hip_yaw_e1_v3^HIP_E1_V3-1/HIP_ROLL_MOTOR_FIX_1_1_1-1;HIP_E1_V3-2/r_hip_yaw_e1_v3^HIP_E1_V3-1/EC-A8112-P1-18-1,r_leg_hip_yaw_cs,r_leg_hip_yaw_axis,r_leg_hip_yaw_joint,revolute,0.027892,-0.09,-0.02504,0,0.78551,0,base_link,0,0,1,0,0,-0.93,0.7,,,,,,,,
r_leg_hip_roll_link,0.084568,0.016381,-8.1498E-05,0,0,0,1.8503,0.0018095,1.256E-05,9.0485E-06,0.0037654,-3.9069E-06,0.00231,0,0,0,0,0,0,package://e1_asm/meshes/r_leg_hip_roll_link.STL,0.65098,0.61961,0.58824,1,0,0,0,0,0,0,package://e1_asm/meshes/r_leg_hip_roll_link.STL,,HIP_E1_V3-2/r_hip_roll_e1_v3^HIP_E1_V3-1/HIP_ROLL_MOTOR_FIX_1_1_1-1;HIP_E1_V3-2/r_hip_roll_e1_v3^HIP_E1_V3-1/HIP_PITCH_MOTOR_FIX_1_1_1-1;HIP_E1_V3-2/r_hip_roll_e1_v3^HIP_E1_V3-1/EC-A10020-P1-12-1,r_leg_hip_roll_cs,r_leg_hip_roll_axis,r_leg_hip_roll_joint,revolute,0.002,0,-0.085,0,0,0,r_leg_hip_yaw_link,1,0,0,0,0,-0.61,0.7,,,,,,,,
r_leg_hip_pitch_link,0.014254,-0.041474,-0.042207,0,0,0,3.789,0.017569,-0.00019956,0.0027323,0.021818,0.00064542,0.0052584,0,0,0,0,0,0,package://e1_asm/meshes/r_leg_hip_pitch_link.STL,0.65098,0.61961,0.58824,1,0,0,0,0,0,0,package://e1_asm/meshes/r_leg_hip_pitch_link.STL,,LEG_E1_RIGHT_V3-1/r_hip_pitch_e1_v3^LEG_E1_RIGHT_V3-1/THIGH_BAR_E1_ASM_1_ASM_A_ASM_1__ASM-1/GASKET16X24X1_5_1_A_1_1-1;LEG_E1_RIGHT_V3-1/r_hip_pitch_e1_v3^LEG_E1_RIGHT_V3-1/THIGH_BAR_E1_ASM_1_ASM_A_ASM_1__ASM-1/GASKET12X24X1_5_1_A_1_1-1;LEG_E1_RIGHT_V3-1/r_hip_pitch_e1_v3^LEG_E1_RIGHT_V3-1/THIGH_BAR_E1_ASM_1_ASM_A_ASM_1__ASM-1/THIGH_CONNECT_E1_1_1_A_1_1-1;LEG_E1_RIGHT_V3-1/r_hip_pitch_e1_v3^LEG_E1_RIGHT_V3-1/THIGH_BAR_E1_ASM_1_ASM_A_ASM_1__ASM-1/THIGH_CONNECT_2_1_A_1_1-1;LEG_E1_RIGHT_V3-1/r_hip_pitch_e1_v3^LEG_E1_RIGHT_V3-1/THIGH_BAR_E1_R3_1_A_1_1-1;LEG_E1_RIGHT_V3-1/r_hip_pitch_e1_v3^LEG_E1_RIGHT_V3-1/BREP_7-52217_1_1-1;LEG_E1_RIGHT_V3-1/r_hip_pitch_e1_v3^LEG_E1_RIGHT_V3-1/BREP_8-52218_1_1-1;LEG_E1_RIGHT_V3-1/r_hip_pitch_e1_v3^LEG_E1_RIGHT_V3-1/SHELL_1-48190_26_1-1;LEG_E1_RIGHT_V3-1/r_hip_pitch_e1_v3^LEG_E1_RIGHT_V3-1/SHELL_1-48190_2_25_1-1;LEG_E1_RIGHT_V3-1/r_hip_pitch_e1_v3^LEG_E1_RIGHT_V3-1/EC-A10020-P1-12-1,r_leg_hip_pitch_cs,r_leg_hip_pitch_axis,r_leg_hip_pitch_joint,revolute,0.099,0,0,0,-0.78551,0,r_leg_hip_roll_link,0,1,0,0,0,-1.48,0.87,,,,,,,,
r_leg_knee_link,0.01137,-0.018606,-0.12157,0,0,0,3.4053,0.017619,1.3374E-05,-0.00059749,0.018473,-9.4228E-05,0.0016924,0,0,0,0,0,0,package://e1_asm/meshes/r_leg_knee_link.STL,0.89804,0.91765,0.92941,1,0,0,0,0,0,0,package://e1_asm/meshes/r_leg_knee_link.STL,,LEG_E1_RIGHT_V3-1/r_knee_pitch_e1_v3^LEG_E1_RIGHT_V3-1/E1_CALF_SHELL_R2_ASM_9_ASM_1_ASM-1/SHELL_1-48428_39_1-1;LEG_E1_RIGHT_V3-1/r_knee_pitch_e1_v3^LEG_E1_RIGHT_V3-1/E1_CALF_SHELL_R2_ASM_9_ASM_1_ASM-1/BREP_2-48191_6_1-1;LEG_E1_RIGHT_V3-1/r_knee_pitch_e1_v3^LEG_E1_RIGHT_V3-1/E1_CALF_SHELL_R2_ASM_9_ASM_1_ASM-1/BREP_4-48193_4_1-1;LEG_E1_RIGHT_V3-1/r_knee_pitch_e1_v3^LEG_E1_RIGHT_V3-1/E1_CALF_SHELL_R2_ASM_9_ASM_1_ASM-1/BREP_5-48194_3_1-1;LEG_E1_RIGHT_V3-1/r_knee_pitch_e1_v3^LEG_E1_RIGHT_V3-1/E1_CALF_SHELL_R2_ASM_9_ASM_1_ASM-1/PRT002SLDPRT_1__A_1_49_1-1;LEG_E1_RIGHT_V3-1/r_knee_pitch_e1_v3^LEG_E1_RIGHT_V3-1/E1_CALF_SHELL_R2_ASM_9_ASM_1_ASM-1/SHELL_1-48428_1_20_1-1;LEG_E1_RIGHT_V3-1/r_knee_pitch_e1_v3^LEG_E1_RIGHT_V3-1/E1_CALF_FRAME_2_ASM_5_ASM_1_ASM-1/E1_KNEE_AXLE_1_ASM_02_A_1_ASM_2_ASM-1/30101_1_ASM_5_1_ASM_02_A_1_ASM__ASM-1/30101-04_5_1_02_A_1_1_1-1;LEG_E1_RIGHT_V3-1/r_knee_pitch_e1_v3^LEG_E1_RIGHT_V3-1/E1_CALF_FRAME_2_ASM_5_ASM_1_ASM-1/E1_KNEE_AXLE_1_ASM_02_A_1_ASM_2_ASM-1/30101_1_ASM_5_1_ASM_02_A_1_ASM__ASM-1/30101-04_5_1_02_A_1_1_1-2;LEG_E1_RIGHT_V3-1/r_knee_pitch_e1_v3^LEG_E1_RIGHT_V3-1/E1_CALF_FRAME_2_ASM_5_ASM_1_ASM-1/E1_KNEE_AXLE_1_ASM_02_A_1_ASM_2_ASM-1/30101_1_ASM_5_1_ASM_02_A_1_ASM__ASM-1/30101-04_5_1_02_A_1_1_1-3;LEG_E1_RIGHT_V3-1/r_knee_pitch_e1_v3^LEG_E1_RIGHT_V3-1/E1_CALF_FRAME_2_ASM_5_ASM_1_ASM-1/E1_KNEE_AXLE_1_ASM_02_A_1_ASM_2_ASM-1/30101_1_ASM_5_1_ASM_02_A_1_ASM__ASM-1/30101-04_5_1_02_A_1_1_1-4;LEG_E1_RIGHT_V3-1/r_knee_pitch_e1_v3^LEG_E1_RIGHT_V3-1/E1_CALF_FRAME_2_ASM_5_ASM_1_ASM-1/E1_KNEE_AXLE_1_ASM_02_A_1_ASM_2_ASM-1/30101_1_ASM_5_1_ASM_02_A_1_ASM__ASM-1/30101-04_5_1_02_A_1_1_1-5;LEG_E1_RIGHT_V3-1/r_knee_pitch_e1_v3^LEG_E1_RIGHT_V3-1/E1_CALF_FRAME_2_ASM_5_ASM_1_ASM-1/E1_KNEE_AXLE_1_ASM_02_A_1_ASM_2_ASM-1/30101_1_ASM_5_1_ASM_02_A_1_ASM__ASM-1/30101-04_5_1_02_A_1_1_1-6;LEG_E1_RIGHT_V3-1/r_knee_pitch_e1_v3^LEG_E1_RIGHT_V3-1/E1_CALF_FRAME_2_ASM_5_ASM_1_ASM-1/E1_KNEE_AXLE_1_ASM_02_A_1_ASM_2_ASM-1/30101_1_ASM_5_1_ASM_02_A_1_ASM__ASM-1/30101-04_5_1_02_A_1_1_1-7;LEG_E1_RIGHT_V3-1/r_knee_pitch_e1_v3^LEG_E1_RIGHT_V3-1/E1_CALF_FRAME_2_ASM_5_ASM_1_ASM-1/E1_KNEE_AXLE_1_ASM_02_A_1_ASM_2_ASM-1/30101_1_ASM_5_1_ASM_02_A_1_ASM__ASM-1/30101-04_5_1_02_A_1_1_1-8;LEG_E1_RIGHT_V3-1/r_knee_pitch_e1_v3^LEG_E1_RIGHT_V3-1/E1_CALF_FRAME_2_ASM_5_ASM_1_ASM-1/E1_KNEE_AXLE_1_ASM_02_A_1_ASM_2_ASM-1/30101_1_ASM_5_1_ASM_02_A_1_ASM__ASM-1/30101-04_5_1_02_A_1_1_1-9;LEG_E1_RIGHT_V3-1/r_knee_pitch_e1_v3^LEG_E1_RIGHT_V3-1/E1_CALF_FRAME_2_ASM_5_ASM_1_ASM-1/E1_KNEE_AXLE_1_ASM_02_A_1_ASM_2_ASM-1/30101_1_ASM_5_1_ASM_02_A_1_ASM__ASM-1/30101-04_5_1_02_A_1_1_1-10;LEG_E1_RIGHT_V3-1/r_knee_pitch_e1_v3^LEG_E1_RIGHT_V3-1/E1_CALF_FRAME_2_ASM_5_ASM_1_ASM-1/E1_KNEE_AXLE_1_ASM_02_A_1_ASM_2_ASM-1/30101_1_ASM_5_1_ASM_02_A_1_ASM__ASM-1/30101-04_5_1_02_A_1_1_1-11;LEG_E1_RIGHT_V3-1/r_knee_pitch_e1_v3^LEG_E1_RIGHT_V3-1/E1_CALF_FRAME_2_ASM_5_ASM_1_ASM-1/E1_KNEE_AXLE_1_ASM_02_A_1_ASM_2_ASM-1/30101_1_ASM_5_1_ASM_02_A_1_ASM__ASM-1/30101-04_5_1_02_A_1_1_1-12;LEG_E1_RIGHT_V3-1/r_knee_pitch_e1_v3^LEG_E1_RIGHT_V3-1/E1_CALF_FRAME_2_ASM_5_ASM_1_ASM-1/E1_KNEE_AXLE_1_ASM_02_A_1_ASM_2_ASM-1/30101_1_ASM_5_1_ASM_02_A_1_ASM__ASM-1/30101-01_5_1_02_A_1_1_1-1;LEG_E1_RIGHT_V3-1/r_knee_pitch_e1_v3^LEG_E1_RIGHT_V3-1/E1_CALF_FRAME_2_ASM_5_ASM_1_ASM-1/E1_KNEE_AXLE_1_ASM_02_A_1_ASM_2_ASM-1/30101_1_ASM_5_1_ASM_02_A_1_ASM__ASM-1/30101-07_5_1_02_A_1_1_1-1;LEG_E1_RIGHT_V3-1/r_knee_pitch_e1_v3^LEG_E1_RIGHT_V3-1/E1_CALF_FRAME_2_ASM_5_ASM_1_ASM-1/E1_KNEE_AXLE_1_ASM_02_A_1_ASM_2_ASM-1/30101_1_ASM_5_1_ASM_02_A_1_ASM__ASM-1/30101-02_5_1_02_A_1_1_1-1;LEG_E1_RIGHT_V3-1/r_knee_pitch_e1_v3^LEG_E1_RIGHT_V3-1/E1_CALF_FRAME_2_ASM_5_ASM_1_ASM-1/E1_KNEE_AXLE_1_ASM_02_A_1_ASM_2_ASM-1/30101_1_ASM_5_1_ASM_02_A_1_ASM__ASM-1/30101-04_5_1_02_A_1_1_1-13;LEG_E1_RIGHT_V3-1/r_knee_pitch_e1_v3^LEG_E1_RIGHT_V3-1/E1_CALF_FRAME_2_ASM_5_ASM_1_ASM-1/E1_KNEE_AXLE_1_ASM_02_A_1_ASM_2_ASM-1/SKF_BEARING_NA_4901_2_AS-330232_ASM-1/SKF_BEARING_NA_4901_2_4_1_02__1-1;LEG_E1_RIGHT_V3-1/r_knee_pitch_e1_v3^LEG_E1_RIGHT_V3-1/E1_CALF_FRAME_2_ASM_5_ASM_1_ASM-1/E1_KNEE_AXLE_1_ASM_02_A_1_ASM_2_ASM-1/SKF_BEARING_NA_4901_2_AS-330232_ASM-1/SKF_BEARING_NA_4901_2_3_1_02__1-1;LEG_E1_RIGHT_V3-1/r_knee_pitch_e1_v3^LEG_E1_RIGHT_V3-1/E1_CALF_FRAME_2_ASM_5_ASM_1_ASM-1/E1_KNEE_AXLE_1_ASM_02_A_1_ASM_2_ASM-1/SKF_BEARING_NA_4901_2_AS-330232_ASM-1/SKF_BEARING_NA_4901_2_2_1_02__1-1;LEG_E1_RIGHT_V3-1/r_knee_pitch_e1_v3^LEG_E1_RIGHT_V3-1/E1_CALF_FRAME_2_ASM_5_ASM_1_ASM-1/E1_KNEE_AXLE_1_ASM_02_A_1_ASM_2_ASM-1/SKF_BEARING_NA_4901_2_AS-330232_ASM-1/SKF_BEARING_NA_4901_2_1_1_02__1-1;LEG_E1_RIGHT_V3-1/r_knee_pitch_e1_v3^LEG_E1_RIGHT_V3-1/E1_CALF_FRAME_2_ASM_5_ASM_1_ASM-1/E1_KNEE_AXLE_1_ASM_02_A_1_ASM_2_ASM-1/KNEE_AXLE_R2_12_02_A_1_3_1-1;LEG_E1_RIGHT_V3-1/r_knee_pitch_e1_v3^LEG_E1_RIGHT_V3-1/E1_CALF_FRAME_2_ASM_5_ASM_1_ASM-1/E1_KNEE_AXLE_1_ASM_02_A_1_ASM_2_ASM-1/KNEE_SPACER_2_1-1;LEG_E1_RIGHT_V3-1/r_knee_pitch_e1_v3^LEG_E1_RIGHT_V3-1/E1_CALF_FRAME_2_ASM_5_ASM_1_ASM-1/E1_KNEE_AXLE_1_ASM_02_A_1_ASM_2_ASM-1/30101_1_ASM_5_1_ASM_A_1_ASM_1_A_ASM-1/30101-04_5_1_A_1_1_1-1;LEG_E1_RIGHT_V3-1/r_knee_pitch_e1_v3^LEG_E1_RIGHT_V3-1/E1_CALF_FRAME_2_ASM_5_ASM_1_ASM-1/E1_KNEE_AXLE_1_ASM_02_A_1_ASM_2_ASM-1/30101_1_ASM_5_1_ASM_A_1_ASM_1_A_ASM-1/30101-04_5_1_A_1_1_1-2;LEG_E1_RIGHT_V3-1/r_knee_pitch_e1_v3^LEG_E1_RIGHT_V3-1/E1_CALF_FRAME_2_ASM_5_ASM_1_ASM-1/E1_KNEE_AXLE_1_ASM_02_A_1_ASM_2_ASM-1/30101_1_ASM_5_1_ASM_A_1_ASM_1_A_ASM-1/30101-04_5_1_A_1_1_1-3;LEG_E1_RIGHT_V3-1/r_knee_pitch_e1_v3^LEG_E1_RIGHT_V3-1/E1_CALF_FRAME_2_ASM_5_ASM_1_ASM-1/E1_KNEE_AXLE_1_ASM_02_A_1_ASM_2_ASM-1/30101_1_ASM_5_1_ASM_A_1_ASM_1_A_ASM-1/30101-04_5_1_A_1_1_1-4;LEG_E1_RIGHT_V3-1/r_knee_pitch_e1_v3^LEG_E1_RIGHT_V3-1/E1_CALF_FRAME_2_ASM_5_ASM_1_ASM-1/E1_KNEE_AXLE_1_ASM_02_A_1_ASM_2_ASM-1/30101_1_ASM_5_1_ASM_A_1_ASM_1_A_ASM-1/30101-04_5_1_A_1_1_1-5;LEG_E1_RIGHT_V3-1/r_knee_pitch_e1_v3^LEG_E1_RIGHT_V3-1/E1_CALF_FRAME_2_ASM_5_ASM_1_ASM-1/E1_KNEE_AXLE_1_ASM_02_A_1_ASM_2_ASM-1/30101_1_ASM_5_1_ASM_A_1_ASM_1_A_ASM-1/30101-04_5_1_A_1_1_1-6;LEG_E1_RIGHT_V3-1/r_knee_pitch_e1_v3^LEG_E1_RIGHT_V3-1/E1_CALF_FRAME_2_ASM_5_ASM_1_ASM-1/E1_KNEE_AXLE_1_ASM_02_A_1_ASM_2_ASM-1/30101_1_ASM_5_1_ASM_A_1_ASM_1_A_ASM-1/30101-04_5_1_A_1_1_1-7;LEG_E1_RIGHT_V3-1/r_knee_pitch_e1_v3^LEG_E1_RIGHT_V3-1/E1_CALF_FRAME_2_ASM_5_ASM_1_ASM-1/E1_KNEE_AXLE_1_ASM_02_A_1_ASM_2_ASM-1/30101_1_ASM_5_1_ASM_A_1_ASM_1_A_ASM-1/30101-04_5_1_A_1_1_1-8;LEG_E1_RIGHT_V3-1/r_knee_pitch_e1_v3^LEG_E1_RIGHT_V3-1/E1_CALF_FRAME_2_ASM_5_ASM_1_ASM-1/E1_KNEE_AXLE_1_ASM_02_A_1_ASM_2_ASM-1/30101_1_ASM_5_1_ASM_A_1_ASM_1_A_ASM-1/30101-04_5_1_A_1_1_1-9;LEG_E1_RIGHT_V3-1/r_knee_pitch_e1_v3^LEG_E1_RIGHT_V3-1/E1_CALF_FRAME_2_ASM_5_ASM_1_ASM-1/E1_KNEE_AXLE_1_ASM_02_A_1_ASM_2_ASM-1/30101_1_ASM_5_1_ASM_A_1_ASM_1_A_ASM-1/30101-04_5_1_A_1_1_1-10;LEG_E1_RIGHT_V3-1/r_knee_pitch_e1_v3^LEG_E1_RIGHT_V3-1/E1_CALF_FRAME_2_ASM_5_ASM_1_ASM-1/E1_KNEE_AXLE_1_ASM_02_A_1_ASM_2_ASM-1/30101_1_ASM_5_1_ASM_A_1_ASM_1_A_ASM-1/30101-04_5_1_A_1_1_1-11;LEG_E1_RIGHT_V3-1/r_knee_pitch_e1_v3^LEG_E1_RIGHT_V3-1/E1_CALF_FRAME_2_ASM_5_ASM_1_ASM-1/E1_KNEE_AXLE_1_ASM_02_A_1_ASM_2_ASM-1/30101_1_ASM_5_1_ASM_A_1_ASM_1_A_ASM-1/30101-04_5_1_A_1_1_1-12;LEG_E1_RIGHT_V3-1/r_knee_pitch_e1_v3^LEG_E1_RIGHT_V3-1/E1_CALF_FRAME_2_ASM_5_ASM_1_ASM-1/E1_KNEE_AXLE_1_ASM_02_A_1_ASM_2_ASM-1/30101_1_ASM_5_1_ASM_A_1_ASM_1_A_ASM-1/30101-01_5_1_A_1_1_1-1;LEG_E1_RIGHT_V3-1/r_knee_pitch_e1_v3^LEG_E1_RIGHT_V3-1/E1_CALF_FRAME_2_ASM_5_ASM_1_ASM-1/E1_KNEE_AXLE_1_ASM_02_A_1_ASM_2_ASM-1/30101_1_ASM_5_1_ASM_A_1_ASM_1_A_ASM-1/30101-07_5_1_A_1_1_1-1;LEG_E1_RIGHT_V3-1/r_knee_pitch_e1_v3^LEG_E1_RIGHT_V3-1/E1_CALF_FRAME_2_ASM_5_ASM_1_ASM-1/E1_KNEE_AXLE_1_ASM_02_A_1_ASM_2_ASM-1/30101_1_ASM_5_1_ASM_A_1_ASM_1_A_ASM-1/30101-02_5_1_A_1_1_1-1;LEG_E1_RIGHT_V3-1/r_knee_pitch_e1_v3^LEG_E1_RIGHT_V3-1/E1_CALF_FRAME_2_ASM_5_ASM_1_ASM-1/E1_KNEE_AXLE_1_ASM_02_A_1_ASM_2_ASM-1/30101_1_ASM_5_1_ASM_A_1_ASM_1_A_ASM-1/30101-04_5_1_A_1_1_1-13;LEG_E1_RIGHT_V3-1/r_knee_pitch_e1_v3^LEG_E1_RIGHT_V3-1/E1_CALF_FRAME_2_ASM_5_ASM_1_ASM-1/E1_KNEE_AXLE_1_ASM_02_A_1_ASM_2_ASM-1/F1018M_ASM_02_A_1_ASM_1_ASM_1_ASM-1/R_ASM_02_A_1_ASM_1_ASM_1_ASM-1/1_2_00_02_A_1_1_1-1;LEG_E1_RIGHT_V3-1/r_knee_pitch_e1_v3^LEG_E1_RIGHT_V3-1/E1_CALF_FRAME_2_ASM_5_ASM_1_ASM-1/E1_KNEE_AXLE_1_ASM_02_A_1_ASM_2_ASM-1/F1018M_ASM_02_A_1_ASM_1_ASM_1_ASM-1/R_ASM_02_A_1_ASM_1_ASM_1_ASM-1/1_1_00_02_A_1_1_1-1;LEG_E1_RIGHT_V3-1/r_knee_pitch_e1_v3^LEG_E1_RIGHT_V3-1/E1_CALF_FRAME_2_ASM_5_ASM_1_ASM-1/E1_KNEE_AXLE_1_ASM_02_A_1_ASM_2_ASM-1/F1018M_ASM_02_A_1_ASM_1_ASM_1_ASM-1/BALL_02_A_1_1_1-1;LEG_E1_RIGHT_V3-1/r_knee_pitch_e1_v3^LEG_E1_RIGHT_V3-1/E1_CALF_FRAME_2_ASM_5_ASM_1_ASM-1/E1_KNEE_AXLE_1_ASM_02_A_1_ASM_2_ASM-1/F1018M_ASM_02_A_1_ASM_1_ASM_1_ASM-1/BALL_02_A_1_1_1-2;LEG_E1_RIGHT_V3-1/r_knee_pitch_e1_v3^LEG_E1_RIGHT_V3-1/E1_CALF_FRAME_2_ASM_5_ASM_1_ASM-1/E1_KNEE_AXLE_1_ASM_02_A_1_ASM_2_ASM-1/F1018M_ASM_02_A_1_ASM_1_ASM_1_ASM-1/BALL_02_A_1_1_1-3;LEG_E1_RIGHT_V3-1/r_knee_pitch_e1_v3^LEG_E1_RIGHT_V3-1/E1_CALF_FRAME_2_ASM_5_ASM_1_ASM-1/E1_KNEE_AXLE_1_ASM_02_A_1_ASM_2_ASM-1/F1018M_ASM_02_A_1_ASM_1_ASM_1_ASM-1/BALL_02_A_1_1_1-4;LEG_E1_RIGHT_V3-1/r_knee_pitch_e1_v3^LEG_E1_RIGHT_V3-1/E1_CALF_FRAME_2_ASM_5_ASM_1_ASM-1/E1_KNEE_AXLE_1_ASM_02_A_1_ASM_2_ASM-1/F1018M_ASM_02_A_1_ASM_1_ASM_1_ASM-1/BALL_02_A_1_1_1-5;LEG_E1_RIGHT_V3-1/r_knee_pitch_e1_v3^LEG_E1_RIGHT_V3-1/E1_CALF_FRAME_2_ASM_5_ASM_1_ASM-1/E1_KNEE_AXLE_1_ASM_02_A_1_ASM_2_ASM-1/F1018M_ASM_02_A_1_ASM_1_ASM_1_ASM-1/CAGE_02_A_1_1_1-1;LEG_E1_RIGHT_V3-1/r_knee_pitch_e1_v3^LEG_E1_RIGHT_V3-1/E1_CALF_FRAME_2_ASM_5_ASM_1_ASM-1/E1_KNEE_AXLE_1_ASM_02_A_1_ASM_2_ASM-1/F1018M_ASM_02_A_1_ASM_1_ASM_1_ASM-1/BALL_02_A_1_1_1-6;LEG_E1_RIGHT_V3-1/r_knee_pitch_e1_v3^LEG_E1_RIGHT_V3-1/E1_CALF_FRAME_2_ASM_5_ASM_1_ASM-1/E1_KNEE_AXLE_1_ASM_02_A_1_ASM_2_ASM-1/F1018M_ASM_02_A_1_ASM_1_ASM_1_ASM-1/BALL_02_A_1_1_1-7;LEG_E1_RIGHT_V3-1/r_knee_pitch_e1_v3^LEG_E1_RIGHT_V3-1/E1_CALF_FRAME_2_ASM_5_ASM_1_ASM-1/E1_KNEE_AXLE_1_ASM_02_A_1_ASM_2_ASM-1/F1018M_ASM_02_A_1_ASM_1_ASM_1_ASM-1/BALL_02_A_1_1_1-8;LEG_E1_RIGHT_V3-1/r_knee_pitch_e1_v3^LEG_E1_RIGHT_V3-1/E1_CALF_FRAME_2_ASM_5_ASM_1_ASM-1/E1_KNEE_AXLE_1_ASM_02_A_1_ASM_2_ASM-1/F1018M_ASM_02_A_1_ASM_1_ASM_1_ASM-1/BALL_02_A_1_1_1-9;LEG_E1_RIGHT_V3-1/r_knee_pitch_e1_v3^LEG_E1_RIGHT_V3-1/E1_CALF_FRAME_2_ASM_5_ASM_1_ASM-1/E1_KNEE_AXLE_1_ASM_02_A_1_ASM_2_ASM-1/F1018M_ASM_02_A_1_ASM_1_ASM_1_ASM-1/BALL_02_A_1_1_1-10;LEG_E1_RIGHT_V3-1/r_knee_pitch_e1_v3^LEG_E1_RIGHT_V3-1/E1_CALF_FRAME_2_ASM_5_ASM_1_ASM-1/E1_KNEE_AXLE_1_ASM_02_A_1_ASM_2_ASM-1/BALL_BEARING__AXLE_E1_A_1_1_1-1;LEG_E1_RIGHT_V3-1/r_knee_pitch_e1_v3^LEG_E1_RIGHT_V3-1/E1_CALF_FRAME_2_ASM_5_ASM_1_ASM-1/E1_KNEE_AXLE_1_ASM_02_A_1_ASM_2_ASM-1/GE10E_8_A_1_1_1-1;LEG_E1_RIGHT_V3-1/r_knee_pitch_e1_v3^LEG_E1_RIGHT_V3-1/E1_CALF_FRAME_2_ASM_5_ASM_1_ASM-1/E1_KNEE_AXLE_1_ASM_02_A_1_ASM_2_ASM-1/KNEE_BEARING_FIX_E1_15_02_A_1_3-1;LEG_E1_RIGHT_V3-1/r_knee_pitch_e1_v3^LEG_E1_RIGHT_V3-1/E1_CALF_FRAME_2_ASM_5_ASM_1_ASM-1/00_5_A_1_1_1-3;LEG_E1_RIGHT_V3-1/r_knee_pitch_e1_v3^LEG_E1_RIGHT_V3-1/E1_CALF_FRAME_2_ASM_5_ASM_1_ASM-1/00_5_A_1_1_1-4;LEG_E1_RIGHT_V3-1/r_knee_pitch_e1_v3^LEG_E1_RIGHT_V3-1/E1_CALF_FRAME_2_ASM_5_ASM_1_ASM-1/CRANK_5_A_1_4_1-5;LEG_E1_RIGHT_V3-1/r_knee_pitch_e1_v3^LEG_E1_RIGHT_V3-1/E1_CALF_FRAME_2_ASM_5_ASM_1_ASM-1/CRANK_5_A_1_4_1-6;LEG_E1_RIGHT_V3-1/r_knee_pitch_e1_v3^LEG_E1_RIGHT_V3-1/E1_CALF_FRAME_2_ASM_5_ASM_1_ASM-1/000_5_A_1_2_1-1;LEG_E1_RIGHT_V3-1/r_knee_pitch_e1_v3^LEG_E1_RIGHT_V3-1/E1_CALF_FRAME_2_ASM_5_ASM_1_ASM-1/000_5_A_1_2_1-2;LEG_E1_RIGHT_V3-1/r_knee_pitch_e1_v3^LEG_E1_RIGHT_V3-1/E1_CALF_FRAME_2_ASM_5_ASM_1_ASM-1/4315--1;LEG_E1_RIGHT_V3-1/r_knee_pitch_e1_v3^LEG_E1_RIGHT_V3-1/E1_CALF_FRAME_2_ASM_5_ASM_1_ASM-1/4315--2;LEG_E1_RIGHT_V3-1/r_knee_pitch_e1_v3^LEG_E1_RIGHT_V3-1/E1LONG_ASM_20_ASM_02_A_1_ASM_1__ASM-1/GE8C-907353_AF0_ASM_5_ASM_02__1_ASM-1/GE8C-778856_5_02_A_1_1_1-1;LEG_E1_RIGHT_V3-1/r_knee_pitch_e1_v3^LEG_E1_RIGHT_V3-1/E1LONG_ASM_20_ASM_02_A_1_ASM_1__ASM-1/GE8C-907353_AF0_ASM_5_ASM_02__1_ASM-1/GE8C0_5_02_A_1_1_1-1;LEG_E1_RIGHT_V3-1/r_knee_pitch_e1_v3^LEG_E1_RIGHT_V3-1/E1LONG_ASM_20_ASM_02_A_1_ASM_1__ASM-1/GE8C-907353_AF1_ASM_5_ASM_02__1_ASM-1/GE8C-778856_5_02_A_1_1_1-1;LEG_E1_RIGHT_V3-1/r_knee_pitch_e1_v3^LEG_E1_RIGHT_V3-1/E1LONG_ASM_20_ASM_02_A_1_ASM_1__ASM-1/GE8C-907353_AF1_ASM_5_ASM_02__1_ASM-1/GE8C0_5_02_A_1_1_1-1;LEG_E1_RIGHT_V3-1/r_knee_pitch_e1_v3^LEG_E1_RIGHT_V3-1/E1LONG_ASM_20_ASM_02_A_1_ASM_1__ASM-1/E1LONG_10_02_A_1_1_1-1;LEG_E1_RIGHT_V3-1/r_knee_pitch_e1_v3^LEG_E1_RIGHT_V3-1/E1SHORT_ASM_20_ASM_02_A_1_ASM_1_ASM-1/GE8C-907353_AF2_ASM_5_ASM_02__1_ASM-1/GE8C-778856_5_02_A_1_1_1-1;LEG_E1_RIGHT_V3-1/r_knee_pitch_e1_v3^LEG_E1_RIGHT_V3-1/E1SHORT_ASM_20_ASM_02_A_1_ASM_1_ASM-1/GE8C-907353_AF2_ASM_5_ASM_02__1_ASM-1/GE8C0_5_02_A_1_1_1-1;LEG_E1_RIGHT_V3-1/r_knee_pitch_e1_v3^LEG_E1_RIGHT_V3-1/E1SHORT_ASM_20_ASM_02_A_1_ASM_1_ASM-1/GE8C-907353_AF3_ASM_5_ASM_02__1_ASM-1/GE8C-778856_5_02_A_1_1_1-1;LEG_E1_RIGHT_V3-1/r_knee_pitch_e1_v3^LEG_E1_RIGHT_V3-1/E1SHORT_ASM_20_ASM_02_A_1_ASM_1_ASM-1/GE8C-907353_AF3_ASM_5_ASM_02__1_ASM-1/GE8C0_5_02_A_1_1_1-1;LEG_E1_RIGHT_V3-1/r_knee_pitch_e1_v3^LEG_E1_RIGHT_V3-1/E1SHORT_ASM_20_ASM_02_A_1_ASM_1_ASM-1/E1SHORT_13_02_A_1_1_1-1,r_leg_knee_cs,r_leg_knee_axis,r_leg_knee_joint,revolute,0.022227,0,-0.25403,0,0,0,r_leg_hip_pitch_link,0,1,0,0,0,0,2.36,,,,,,,,
r_leg_ankle_pitch_link,-5.8609E-14,7.5773E-15,-3.4361E-14,0,0,0,0.059507,9.8722E-06,1.4582E-22,-4.0795E-13,1.7628E-06,2.5591E-21,1.0067E-05,0,0,0,0,0,0,package://e1_asm/meshes/r_leg_ankle_pitch_link.STL,0.65098,0.61961,0.58824,1,0,0,0,0,0,0,package://e1_asm/meshes/r_leg_ankle_pitch_link.STL,,LEG_E1_RIGHT_V3-1/r_ankle_pitch_e1_v3^LEG_E1_RIGHT_V3-1/AXIS-1_5_01_A_1_1_1-1,r_leg_ankle_pitch_cs,r_leg_ankle_pitch_axis,r_leg_ankle_pitch_joint,revolute,0,-0.01825,-0.315,0,0,0,r_leg_knee_link,0,1,0,0,0,-1.01,0.42,,,,,,,,
r_leg_ankle_roll_link,0.0094936,-2.704E-06,-0.026734,0,0,0,0.85068,0.00025255,-1.0709E-08,1.3883E-06,0.001197,-1.4457E-08,0.0012672,0,0,0,0,0,0,package://e1_asm/meshes/r_leg_ankle_roll_link.STL,0.65098,0.61961,0.58824,1,0,0,0,0,0,0,package://e1_asm/meshes/r_leg_ankle_roll_link.STL,,LEG_E1_RIGHT_V3-1/r_ankle_roll_e1_v3^LEG_E1_RIGHT_V3-1/SKF_BEARING_HK_1212_2_AS-330242_ASM-1/1-59_5_01_A_1_1_1-1;LEG_E1_RIGHT_V3-1/r_ankle_roll_e1_v3^LEG_E1_RIGHT_V3-1/SKF_BEARING_HK_1212_2_AS-330242_ASM-1/2_1_2_3_5_01_A_1_1_1-1;LEG_E1_RIGHT_V3-1/r_ankle_roll_e1_v3^LEG_E1_RIGHT_V3-1/SKF_BEARING_HK_1212_2_AS-330242_ASM-1/3_1_5_01_A_1_1_1-1;LEG_E1_RIGHT_V3-1/r_ankle_roll_e1_v3^LEG_E1_RIGHT_V3-1/AXIS-2_5_01_A_1_1_1-1;LEG_E1_RIGHT_V3-1/r_ankle_roll_e1_v3^LEG_E1_RIGHT_V3-1/30101_ASM_5_ASM_02_A_1_ASM_1_AS_ASM-1/30101-04_5_01_A_1_1_1-2;LEG_E1_RIGHT_V3-1/r_ankle_roll_e1_v3^LEG_E1_RIGHT_V3-1/30101_ASM_5_ASM_02_A_1_ASM_1_AS_ASM-1/30101-04_5_01_A_1_1_1-3;LEG_E1_RIGHT_V3-1/r_ankle_roll_e1_v3^LEG_E1_RIGHT_V3-1/30101_ASM_5_ASM_02_A_1_ASM_1_AS_ASM-1/30101-04_5_01_A_1_1_1-4;LEG_E1_RIGHT_V3-1/r_ankle_roll_e1_v3^LEG_E1_RIGHT_V3-1/30101_ASM_5_ASM_02_A_1_ASM_1_AS_ASM-1/30101-04_5_01_A_1_1_1-5;LEG_E1_RIGHT_V3-1/r_ankle_roll_e1_v3^LEG_E1_RIGHT_V3-1/30101_ASM_5_ASM_02_A_1_ASM_1_AS_ASM-1/30101-04_5_01_A_1_1_1-6;LEG_E1_RIGHT_V3-1/r_ankle_roll_e1_v3^LEG_E1_RIGHT_V3-1/30101_ASM_5_ASM_02_A_1_ASM_1_AS_ASM-1/30101-04_5_01_A_1_1_1-7;LEG_E1_RIGHT_V3-1/r_ankle_roll_e1_v3^LEG_E1_RIGHT_V3-1/30101_ASM_5_ASM_02_A_1_ASM_1_AS_ASM-1/30101-04_5_01_A_1_1_1-8;LEG_E1_RIGHT_V3-1/r_ankle_roll_e1_v3^LEG_E1_RIGHT_V3-1/30101_ASM_5_ASM_02_A_1_ASM_1_AS_ASM-1/30101-04_5_01_A_1_1_1-9;LEG_E1_RIGHT_V3-1/r_ankle_roll_e1_v3^LEG_E1_RIGHT_V3-1/30101_ASM_5_ASM_02_A_1_ASM_1_AS_ASM-1/30101-04_5_01_A_1_1_1-10;LEG_E1_RIGHT_V3-1/r_ankle_roll_e1_v3^LEG_E1_RIGHT_V3-1/30101_ASM_5_ASM_02_A_1_ASM_1_AS_ASM-1/30101-04_5_01_A_1_1_1-11;LEG_E1_RIGHT_V3-1/r_ankle_roll_e1_v3^LEG_E1_RIGHT_V3-1/30101_ASM_5_ASM_02_A_1_ASM_1_AS_ASM-1/30101-04_5_01_A_1_1_1-12;LEG_E1_RIGHT_V3-1/r_ankle_roll_e1_v3^LEG_E1_RIGHT_V3-1/30101_ASM_5_ASM_02_A_1_ASM_1_AS_ASM-1/30101-01_5_01_A_1_1_1-1;LEG_E1_RIGHT_V3-1/r_ankle_roll_e1_v3^LEG_E1_RIGHT_V3-1/30101_ASM_5_ASM_02_A_1_ASM_1_AS_ASM-1/30101-07_5_01_A_1_1_1-1;LEG_E1_RIGHT_V3-1/r_ankle_roll_e1_v3^LEG_E1_RIGHT_V3-1/30101_ASM_5_ASM_02_A_1_ASM_1_AS_ASM-1/30101-02_5_01_A_1_1_1-1;LEG_E1_RIGHT_V3-1/r_ankle_roll_e1_v3^LEG_E1_RIGHT_V3-1/30101_ASM_5_ASM_02_A_1_ASM_1_AS_ASM-1/30101-04_5_01_A_1_1_1-13;LEG_E1_RIGHT_V3-1/r_ankle_roll_e1_v3^LEG_E1_RIGHT_V3-1/30101_ASM_5_ASM_02_A_1_ASM_1_AS_ASM-1/30101-04_5_01_A_1_1_1-1;LEG_E1_RIGHT_V3-1/r_ankle_roll_e1_v3^LEG_E1_RIGHT_V3-1/30101_ASM_5_ASM_02_A_1_ASM_1_AS_ASM-2/30101-04_5_01_A_1_1_1-2;LEG_E1_RIGHT_V3-1/r_ankle_roll_e1_v3^LEG_E1_RIGHT_V3-1/30101_ASM_5_ASM_02_A_1_ASM_1_AS_ASM-2/30101-04_5_01_A_1_1_1-3;LEG_E1_RIGHT_V3-1/r_ankle_roll_e1_v3^LEG_E1_RIGHT_V3-1/30101_ASM_5_ASM_02_A_1_ASM_1_AS_ASM-2/30101-04_5_01_A_1_1_1-4;LEG_E1_RIGHT_V3-1/r_ankle_roll_e1_v3^LEG_E1_RIGHT_V3-1/30101_ASM_5_ASM_02_A_1_ASM_1_AS_ASM-2/30101-04_5_01_A_1_1_1-5;LEG_E1_RIGHT_V3-1/r_ankle_roll_e1_v3^LEG_E1_RIGHT_V3-1/30101_ASM_5_ASM_02_A_1_ASM_1_AS_ASM-2/30101-04_5_01_A_1_1_1-6;LEG_E1_RIGHT_V3-1/r_ankle_roll_e1_v3^LEG_E1_RIGHT_V3-1/30101_ASM_5_ASM_02_A_1_ASM_1_AS_ASM-2/30101-04_5_01_A_1_1_1-7;LEG_E1_RIGHT_V3-1/r_ankle_roll_e1_v3^LEG_E1_RIGHT_V3-1/30101_ASM_5_ASM_02_A_1_ASM_1_AS_ASM-2/30101-04_5_01_A_1_1_1-8;LEG_E1_RIGHT_V3-1/r_ankle_roll_e1_v3^LEG_E1_RIGHT_V3-1/30101_ASM_5_ASM_02_A_1_ASM_1_AS_ASM-2/30101-04_5_01_A_1_1_1-9;LEG_E1_RIGHT_V3-1/r_ankle_roll_e1_v3^LEG_E1_RIGHT_V3-1/30101_ASM_5_ASM_02_A_1_ASM_1_AS_ASM-2/30101-04_5_01_A_1_1_1-10;LEG_E1_RIGHT_V3-1/r_ankle_roll_e1_v3^LEG_E1_RIGHT_V3-1/30101_ASM_5_ASM_02_A_1_ASM_1_AS_ASM-2/30101-04_5_01_A_1_1_1-11;LEG_E1_RIGHT_V3-1/r_ankle_roll_e1_v3^LEG_E1_RIGHT_V3-1/30101_ASM_5_ASM_02_A_1_ASM_1_AS_ASM-2/30101-04_5_01_A_1_1_1-12;LEG_E1_RIGHT_V3-1/r_ankle_roll_e1_v3^LEG_E1_RIGHT_V3-1/30101_ASM_5_ASM_02_A_1_ASM_1_AS_ASM-2/30101-01_5_01_A_1_1_1-1;LEG_E1_RIGHT_V3-1/r_ankle_roll_e1_v3^LEG_E1_RIGHT_V3-1/30101_ASM_5_ASM_02_A_1_ASM_1_AS_ASM-2/30101-07_5_01_A_1_1_1-1;LEG_E1_RIGHT_V3-1/r_ankle_roll_e1_v3^LEG_E1_RIGHT_V3-1/30101_ASM_5_ASM_02_A_1_ASM_1_AS_ASM-2/30101-02_5_01_A_1_1_1-1;LEG_E1_RIGHT_V3-1/r_ankle_roll_e1_v3^LEG_E1_RIGHT_V3-1/30101_ASM_5_ASM_02_A_1_ASM_1_AS_ASM-2/30101-04_5_01_A_1_1_1-13;LEG_E1_RIGHT_V3-1/r_ankle_roll_e1_v3^LEG_E1_RIGHT_V3-1/30101_ASM_5_ASM_02_A_1_ASM_1_AS_ASM-2/30101-04_5_01_A_1_1_1-1;LEG_E1_RIGHT_V3-1/r_ankle_roll_e1_v3^LEG_E1_RIGHT_V3-1/SKF_BEARING_3200_ATN9_2_-330256_ASM-1/1-61_5_01_A_1_1_1-1;LEG_E1_RIGHT_V3-1/r_ankle_roll_e1_v3^LEG_E1_RIGHT_V3-1/SKF_BEARING_3200_ATN9_2_-330256_ASM-1/2_1_5_01_A_1_1_1-1;LEG_E1_RIGHT_V3-1/r_ankle_roll_e1_v3^LEG_E1_RIGHT_V3-1/SKF_BEARING_3200_ATN9_2_-330256_ASM-1/3_5_02_A_1_1_1-1;LEG_E1_RIGHT_V3-1/r_ankle_roll_e1_v3^LEG_E1_RIGHT_V3-1/SKF_BEARING_3200_ATN9_2_-330256_ASM-1/4_5_02_A_1_1_1-1;LEG_E1_RIGHT_V3-1/r_ankle_roll_e1_v3^LEG_E1_RIGHT_V3-1/NEW-CROSS-AXIS-SUPPORT_6_01_A_1-1;LEG_E1_RIGHT_V3-1/r_ankle_roll_e1_v3^LEG_E1_RIGHT_V3-1/0002_6_02_A_1_1_1-1;LEG_E1_RIGHT_V3-1/r_ankle_roll_e1_v3^LEG_E1_RIGHT_V3-1/PRT0069_6_02_A_1_1_1-1;LEG_E1_RIGHT_V3-1/r_ankle_roll_e1_v3^LEG_E1_RIGHT_V3-1/000_6_02_A_1_1_1-1;LEG_E1_RIGHT_V3-1/r_ankle_roll_e1_v3^LEG_E1_RIGHT_V3-1/LINKAGE-END-SUPPORT_5_02_A_1_1_-1;LEG_E1_RIGHT_V3-1/r_ankle_roll_e1_v3^LEG_E1_RIGHT_V3-1/E1000_7_02_A_1_1_1-1;LEG_E1_RIGHT_V3-1/r_ankle_roll_e1_v3^LEG_E1_RIGHT_V3-1/E1000_38_A_1_1_1-1,r_leg_ankle_roll_cs,r_leg_ankle_roll_axis,r_leg_ankle_roll_joint,revolute,0,0,0,0,0,0,r_leg_ankle_pitch_link,1,0,0,0,0,-0.26,0.26,,,,,,,,
l_leg_hip_yaw_link,-0.016826,2.7527E-05,-0.067094,0,0,0,1.2996,0.0021742,-5.3155E-07,5.6549E-06,0.0012632,1.8321E-06,0.0011525,0,0,0,0,0,0,package://e1_asm/meshes/l_leg_hip_yaw_link.STL,0.65098,0.61961,0.58824,1,0,0,0,0,0,0,package://e1_asm/meshes/l_leg_hip_yaw_link.STL,,HIP_E1_V3-2/l_hip_yaw_e1_v3^HIP_E1_V3-1/_X2_955C5411_X0_HIP_ROL-1460419-1;HIP_E1_V3-2/l_hip_yaw_e1_v3^HIP_E1_V3-1/_X2_955C5411_X0_HIP_ROLL_-57824-1;HIP_E1_V3-2/l_hip_yaw_e1_v3^HIP_E1_V3-1/EC-A8112-P1-18-1,l_leg_hip_yaw_cs,l_leg_hip_yaw_axis,l_leg_hip_yaw_joint,revolute,0.027892,0.09,-0.02504,0,0.78551,0,base_link,0,0,1,0,0,-0.7,0.93,,,,,,,,
l_leg_hip_roll_link,0.084568,-0.016381,-8.1564E-05,0,0,0,1.8503,0.0018095,-1.256E-05,9.033E-06,0.0037654,3.9085E-06,0.00231,0,0,0,0,0,0,package://e1_asm/meshes/l_leg_hip_roll_link.STL,0.89804,0.91765,0.92941,1,0,0,0,0,0,0,package://e1_asm/meshes/l_leg_hip_roll_link.STL,,HIP_E1_V3-2/l_hip_roll_e1_v3^HIP_E1_V3-1/_X2_955C5411_X0_HIP_PITCH_MOTOR-1;HIP_E1_V3-2/l_hip_roll_e1_v3^HIP_E1_V3-1/_X2_955C5411_X0_HIP_ROL-1460419-1;HIP_E1_V3-2/l_hip_roll_e1_v3^HIP_E1_V3-1/EC-A10020-P1-12-1,l_leg_hip_roll_cs,l_leg_hip_roll_axis,l_leg_hip_roll_joint,revolute,0.002,0,-0.085,0,0,0,l_leg_hip_yaw_link,1,0,0,0,0,-0.7,0.61,,,,,,,,
l_leg_hip_pitch_link,0.014255,0.041483,-0.042215,0,0,0,3.789,0.017575,0.00019926,0.0027321,0.021824,-0.0006456,0.0052581,0,0,0,0,0,0,package://e1_asm/meshes/l_leg_hip_pitch_link.STL,0.65098,0.61961,0.58824,1,0,0,0,0,0,0,package://e1_asm/meshes/l_leg_hip_pitch_link.STL,,LEG_E1_LEFT_V3-1/l_hip_pitch_e1_v3^LEG_E1_LEFT_V3-1/43545657687_ASM_1_ASM-1/GASKET16X24X1_5_1_A_1_MIR_1-1;LEG_E1_LEFT_V3-1/l_hip_pitch_e1_v3^LEG_E1_LEFT_V3-1/43545657687_ASM_1_ASM-1/GASKET12X24X1_5_1_A_1_MIR_1-1;LEG_E1_LEFT_V3-1/l_hip_pitch_e1_v3^LEG_E1_LEFT_V3-1/43545657687_ASM_1_ASM-1/THIGH_CONNECT_E1_1_1_A_1_MIR_1-1;LEG_E1_LEFT_V3-1/l_hip_pitch_e1_v3^LEG_E1_LEFT_V3-1/43545657687_ASM_1_ASM-1/THIGH_CONNECT_2_1_A_1_MIR_1-1;LEG_E1_LEFT_V3-1/l_hip_pitch_e1_v3^LEG_E1_LEFT_V3-1/THIGH_BAR_E1_R3_1_A_1_MIR_1-1;LEG_E1_LEFT_V3-1/l_hip_pitch_e1_v3^LEG_E1_LEFT_V3-1/BREP_7-52217_1_MIR_1-1;LEG_E1_LEFT_V3-1/l_hip_pitch_e1_v3^LEG_E1_LEFT_V3-1/BREP_8-52218_1_MIR_1-1;LEG_E1_LEFT_V3-1/l_hip_pitch_e1_v3^LEG_E1_LEFT_V3-1/SHELL_1-48190_26_MIR_1-1;LEG_E1_LEFT_V3-1/l_hip_pitch_e1_v3^LEG_E1_LEFT_V3-1/SHELL_1-48190_2_25_MIR_1-1;LEG_E1_LEFT_V3-1/l_hip_pitch_e1_v3^LEG_E1_LEFT_V3-1/EC-A10020-P1-12-1,l_leg_hip_pitch_cs,l_leg_hip_pitch_axis,l_leg_hip_pitch_joint,revolute,0.099,0,0,0,-0.78551,0,l_leg_hip_roll_link,0,1,0,0,0,-1.48,0.87,,,,,,,,
l_leg_knee_link,0.011367,0.018601,-0.12157,0,0,0,3.4047,0.017614,-1.3368E-05,-0.000596,0.018467,9.4982E-05,0.0016917,0,0,0,0,0,0,package://e1_asm/meshes/l_leg_knee_link.STL,0.89804,0.91765,0.92941,1,0,0,0,0,0,0,package://e1_asm/meshes/l_leg_knee_link.STL,,LEG_E1_LEFT_V3-1/l_knee_pitch_e1_v3^LEG_E1_LEFT_V3-1/E1_CALF_SHELL_R2_ASM_9_MIR_ASM__ASM-1/BREP_2-48191_6_MIR_1-1;LEG_E1_LEFT_V3-1/l_knee_pitch_e1_v3^LEG_E1_LEFT_V3-1/E1_CALF_SHELL_R2_ASM_9_MIR_ASM__ASM-1/BREP_4-48193_4_MIR_1-1;LEG_E1_LEFT_V3-1/l_knee_pitch_e1_v3^LEG_E1_LEFT_V3-1/E1_CALF_SHELL_R2_ASM_9_MIR_ASM__ASM-1/BREP_5-48194_3_MIR_1-1;LEG_E1_LEFT_V3-1/l_knee_pitch_e1_v3^LEG_E1_LEFT_V3-1/E1_CALF_SHELL_R2_ASM_9_MIR_ASM__ASM-1/PRT002SLDPRT_1__A_1_49_MIR_1-1;LEG_E1_LEFT_V3-1/l_knee_pitch_e1_v3^LEG_E1_LEFT_V3-1/E1_CALF_SHELL_R2_ASM_9_MIR_ASM__ASM-1/SHELL_1-48428_1_20_MIR_1-1;LEG_E1_LEFT_V3-1/l_knee_pitch_e1_v3^LEG_E1_LEFT_V3-1/E1_CALF_SHELL_R2_ASM_9_MIR_ASM__ASM-1/E1_shell_CALF_2_L_0-1;LEG_E1_LEFT_V3-1/l_knee_pitch_e1_v3^LEG_E1_LEFT_V3-1/E1_CALF_FRAME_2_ASM_5_MIR_ASM_1_ASM-1/122343543_ASM_1_ASM-1/51353583_1-1;LEG_E1_LEFT_V3-1/l_knee_pitch_e1_v3^LEG_E1_LEFT_V3-1/E1_CALF_FRAME_2_ASM_5_MIR_ASM_1_ASM-1/122343543_ASM_1_ASM-1/5345353_ASM_1_ASM-1/30101-04_5_1_02_A_1_1_MIR_1-1;LEG_E1_LEFT_V3-1/l_knee_pitch_e1_v3^LEG_E1_LEFT_V3-1/E1_CALF_FRAME_2_ASM_5_MIR_ASM_1_ASM-1/122343543_ASM_1_ASM-1/5345353_ASM_1_ASM-1/30101-04_5_1_02_A_1_1_MIR_1-2;LEG_E1_LEFT_V3-1/l_knee_pitch_e1_v3^LEG_E1_LEFT_V3-1/E1_CALF_FRAME_2_ASM_5_MIR_ASM_1_ASM-1/122343543_ASM_1_ASM-1/5345353_ASM_1_ASM-1/30101-04_5_1_02_A_1_1_MIR_1-3;LEG_E1_LEFT_V3-1/l_knee_pitch_e1_v3^LEG_E1_LEFT_V3-1/E1_CALF_FRAME_2_ASM_5_MIR_ASM_1_ASM-1/122343543_ASM_1_ASM-1/5345353_ASM_1_ASM-1/30101-04_5_1_02_A_1_1_MIR_1-4;LEG_E1_LEFT_V3-1/l_knee_pitch_e1_v3^LEG_E1_LEFT_V3-1/E1_CALF_FRAME_2_ASM_5_MIR_ASM_1_ASM-1/122343543_ASM_1_ASM-1/5345353_ASM_1_ASM-1/30101-04_5_1_02_A_1_1_MIR_1-5;LEG_E1_LEFT_V3-1/l_knee_pitch_e1_v3^LEG_E1_LEFT_V3-1/E1_CALF_FRAME_2_ASM_5_MIR_ASM_1_ASM-1/122343543_ASM_1_ASM-1/5345353_ASM_1_ASM-1/30101-04_5_1_02_A_1_1_MIR_1-6;LEG_E1_LEFT_V3-1/l_knee_pitch_e1_v3^LEG_E1_LEFT_V3-1/E1_CALF_FRAME_2_ASM_5_MIR_ASM_1_ASM-1/122343543_ASM_1_ASM-1/5345353_ASM_1_ASM-1/30101-04_5_1_02_A_1_1_MIR_1-7;LEG_E1_LEFT_V3-1/l_knee_pitch_e1_v3^LEG_E1_LEFT_V3-1/E1_CALF_FRAME_2_ASM_5_MIR_ASM_1_ASM-1/122343543_ASM_1_ASM-1/5345353_ASM_1_ASM-1/30101-04_5_1_02_A_1_1_MIR_1-8;LEG_E1_LEFT_V3-1/l_knee_pitch_e1_v3^LEG_E1_LEFT_V3-1/E1_CALF_FRAME_2_ASM_5_MIR_ASM_1_ASM-1/122343543_ASM_1_ASM-1/5345353_ASM_1_ASM-1/30101-04_5_1_02_A_1_1_MIR_1-9;LEG_E1_LEFT_V3-1/l_knee_pitch_e1_v3^LEG_E1_LEFT_V3-1/E1_CALF_FRAME_2_ASM_5_MIR_ASM_1_ASM-1/122343543_ASM_1_ASM-1/5345353_ASM_1_ASM-1/30101-04_5_1_02_A_1_1_MIR_1-10;LEG_E1_LEFT_V3-1/l_knee_pitch_e1_v3^LEG_E1_LEFT_V3-1/E1_CALF_FRAME_2_ASM_5_MIR_ASM_1_ASM-1/122343543_ASM_1_ASM-1/5345353_ASM_1_ASM-1/30101-04_5_1_02_A_1_1_MIR_1-11;LEG_E1_LEFT_V3-1/l_knee_pitch_e1_v3^LEG_E1_LEFT_V3-1/E1_CALF_FRAME_2_ASM_5_MIR_ASM_1_ASM-1/122343543_ASM_1_ASM-1/5345353_ASM_1_ASM-1/30101-04_5_1_02_A_1_1_MIR_1-12;LEG_E1_LEFT_V3-1/l_knee_pitch_e1_v3^LEG_E1_LEFT_V3-1/E1_CALF_FRAME_2_ASM_5_MIR_ASM_1_ASM-1/122343543_ASM_1_ASM-1/5345353_ASM_1_ASM-1/30101-01_5_1_02_A_1_1_MIR_1-1;LEG_E1_LEFT_V3-1/l_knee_pitch_e1_v3^LEG_E1_LEFT_V3-1/E1_CALF_FRAME_2_ASM_5_MIR_ASM_1_ASM-1/122343543_ASM_1_ASM-1/5345353_ASM_1_ASM-1/30101-07_5_1_02_A_1_1_MIR_1-1;LEG_E1_LEFT_V3-1/l_knee_pitch_e1_v3^LEG_E1_LEFT_V3-1/E1_CALF_FRAME_2_ASM_5_MIR_ASM_1_ASM-1/122343543_ASM_1_ASM-1/5345353_ASM_1_ASM-1/30101-02_5_1_02_A_1_1_MIR_1-1;LEG_E1_LEFT_V3-1/l_knee_pitch_e1_v3^LEG_E1_LEFT_V3-1/E1_CALF_FRAME_2_ASM_5_MIR_ASM_1_ASM-1/122343543_ASM_1_ASM-1/5345353_ASM_1_ASM-1/30101-04_5_1_02_A_1_1_MIR_1-13;LEG_E1_LEFT_V3-1/l_knee_pitch_e1_v3^LEG_E1_LEFT_V3-1/E1_CALF_FRAME_2_ASM_5_MIR_ASM_1_ASM-1/122343543_ASM_1_ASM-1/5345353_ASM_1_ASM-2/30101-04_5_1_02_A_1_1_MIR_1-1;LEG_E1_LEFT_V3-1/l_knee_pitch_e1_v3^LEG_E1_LEFT_V3-1/E1_CALF_FRAME_2_ASM_5_MIR_ASM_1_ASM-1/122343543_ASM_1_ASM-1/5345353_ASM_1_ASM-2/30101-04_5_1_02_A_1_1_MIR_1-2;LEG_E1_LEFT_V3-1/l_knee_pitch_e1_v3^LEG_E1_LEFT_V3-1/E1_CALF_FRAME_2_ASM_5_MIR_ASM_1_ASM-1/122343543_ASM_1_ASM-1/5345353_ASM_1_ASM-2/30101-04_5_1_02_A_1_1_MIR_1-3;LEG_E1_LEFT_V3-1/l_knee_pitch_e1_v3^LEG_E1_LEFT_V3-1/E1_CALF_FRAME_2_ASM_5_MIR_ASM_1_ASM-1/122343543_ASM_1_ASM-1/5345353_ASM_1_ASM-2/30101-04_5_1_02_A_1_1_MIR_1-4;LEG_E1_LEFT_V3-1/l_knee_pitch_e1_v3^LEG_E1_LEFT_V3-1/E1_CALF_FRAME_2_ASM_5_MIR_ASM_1_ASM-1/122343543_ASM_1_ASM-1/5345353_ASM_1_ASM-2/30101-04_5_1_02_A_1_1_MIR_1-5;LEG_E1_LEFT_V3-1/l_knee_pitch_e1_v3^LEG_E1_LEFT_V3-1/E1_CALF_FRAME_2_ASM_5_MIR_ASM_1_ASM-1/122343543_ASM_1_ASM-1/5345353_ASM_1_ASM-2/30101-04_5_1_02_A_1_1_MIR_1-6;LEG_E1_LEFT_V3-1/l_knee_pitch_e1_v3^LEG_E1_LEFT_V3-1/E1_CALF_FRAME_2_ASM_5_MIR_ASM_1_ASM-1/122343543_ASM_1_ASM-1/5345353_ASM_1_ASM-2/30101-04_5_1_02_A_1_1_MIR_1-7;LEG_E1_LEFT_V3-1/l_knee_pitch_e1_v3^LEG_E1_LEFT_V3-1/E1_CALF_FRAME_2_ASM_5_MIR_ASM_1_ASM-1/122343543_ASM_1_ASM-1/5345353_ASM_1_ASM-2/30101-04_5_1_02_A_1_1_MIR_1-8;LEG_E1_LEFT_V3-1/l_knee_pitch_e1_v3^LEG_E1_LEFT_V3-1/E1_CALF_FRAME_2_ASM_5_MIR_ASM_1_ASM-1/122343543_ASM_1_ASM-1/5345353_ASM_1_ASM-2/30101-04_5_1_02_A_1_1_MIR_1-9;LEG_E1_LEFT_V3-1/l_knee_pitch_e1_v3^LEG_E1_LEFT_V3-1/E1_CALF_FRAME_2_ASM_5_MIR_ASM_1_ASM-1/122343543_ASM_1_ASM-1/5345353_ASM_1_ASM-2/30101-04_5_1_02_A_1_1_MIR_1-10;LEG_E1_LEFT_V3-1/l_knee_pitch_e1_v3^LEG_E1_LEFT_V3-1/E1_CALF_FRAME_2_ASM_5_MIR_ASM_1_ASM-1/122343543_ASM_1_ASM-1/5345353_ASM_1_ASM-2/30101-04_5_1_02_A_1_1_MIR_1-11;LEG_E1_LEFT_V3-1/l_knee_pitch_e1_v3^LEG_E1_LEFT_V3-1/E1_CALF_FRAME_2_ASM_5_MIR_ASM_1_ASM-1/122343543_ASM_1_ASM-1/5345353_ASM_1_ASM-2/30101-04_5_1_02_A_1_1_MIR_1-12;LEG_E1_LEFT_V3-1/l_knee_pitch_e1_v3^LEG_E1_LEFT_V3-1/E1_CALF_FRAME_2_ASM_5_MIR_ASM_1_ASM-1/122343543_ASM_1_ASM-1/5345353_ASM_1_ASM-2/30101-01_5_1_02_A_1_1_MIR_1-1;LEG_E1_LEFT_V3-1/l_knee_pitch_e1_v3^LEG_E1_LEFT_V3-1/E1_CALF_FRAME_2_ASM_5_MIR_ASM_1_ASM-1/122343543_ASM_1_ASM-1/5345353_ASM_1_ASM-2/30101-07_5_1_02_A_1_1_MIR_1-1;LEG_E1_LEFT_V3-1/l_knee_pitch_e1_v3^LEG_E1_LEFT_V3-1/E1_CALF_FRAME_2_ASM_5_MIR_ASM_1_ASM-1/122343543_ASM_1_ASM-1/5345353_ASM_1_ASM-2/30101-02_5_1_02_A_1_1_MIR_1-1;LEG_E1_LEFT_V3-1/l_knee_pitch_e1_v3^LEG_E1_LEFT_V3-1/E1_CALF_FRAME_2_ASM_5_MIR_ASM_1_ASM-1/122343543_ASM_1_ASM-1/5345353_ASM_1_ASM-2/30101-04_5_1_02_A_1_1_MIR_1-13;LEG_E1_LEFT_V3-1/l_knee_pitch_e1_v3^LEG_E1_LEFT_V3-1/E1_CALF_FRAME_2_ASM_5_MIR_ASM_1_ASM-1/122343543_ASM_1_ASM-1/12121_ASM_1_ASM-1/1213223_1-1;LEG_E1_LEFT_V3-1/l_knee_pitch_e1_v3^LEG_E1_LEFT_V3-1/E1_CALF_FRAME_2_ASM_5_MIR_ASM_1_ASM-1/122343543_ASM_1_ASM-1/12121_ASM_1_ASM-1/2323234_1-1;LEG_E1_LEFT_V3-1/l_knee_pitch_e1_v3^LEG_E1_LEFT_V3-1/E1_CALF_FRAME_2_ASM_5_MIR_ASM_1_ASM-1/122343543_ASM_1_ASM-1/12121_ASM_1_ASM-1/343434_1-1;LEG_E1_LEFT_V3-1/l_knee_pitch_e1_v3^LEG_E1_LEFT_V3-1/E1_CALF_FRAME_2_ASM_5_MIR_ASM_1_ASM-1/122343543_ASM_1_ASM-1/12121_ASM_1_ASM-1/45454_1-1;LEG_E1_LEFT_V3-1/l_knee_pitch_e1_v3^LEG_E1_LEFT_V3-1/E1_CALF_FRAME_2_ASM_5_MIR_ASM_1_ASM-1/122343543_ASM_1_ASM-1/KNEE_AXLE_R2_12_02_A_1_3_MIR_1-1;LEG_E1_LEFT_V3-1/l_knee_pitch_e1_v3^LEG_E1_LEFT_V3-1/E1_CALF_FRAME_2_ASM_5_MIR_ASM_1_ASM-1/122343543_ASM_1_ASM-1/KNEE_SPACER_2_MIR_1-1;LEG_E1_LEFT_V3-1/l_knee_pitch_e1_v3^LEG_E1_LEFT_V3-1/E1_CALF_FRAME_2_ASM_5_MIR_ASM_1_ASM-1/122343543_ASM_1_ASM-1/F1018M_ASM_02_A_1_ASM_1_MIR_ASM_ASM-1/R_ASM_02_A_1_ASM_1_MIR_ASM_1_ASM-1/1_2_00_02_A_1_1_MIR_1-1;LEG_E1_LEFT_V3-1/l_knee_pitch_e1_v3^LEG_E1_LEFT_V3-1/E1_CALF_FRAME_2_ASM_5_MIR_ASM_1_ASM-1/122343543_ASM_1_ASM-1/F1018M_ASM_02_A_1_ASM_1_MIR_ASM_ASM-1/R_ASM_02_A_1_ASM_1_MIR_ASM_1_ASM-1/1_1_00_02_A_1_1_MIR_1-1;LEG_E1_LEFT_V3-1/l_knee_pitch_e1_v3^LEG_E1_LEFT_V3-1/E1_CALF_FRAME_2_ASM_5_MIR_ASM_1_ASM-1/122343543_ASM_1_ASM-1/F1018M_ASM_02_A_1_ASM_1_MIR_ASM_ASM-1/BALL_02_A_1_1_MIR_1-1;LEG_E1_LEFT_V3-1/l_knee_pitch_e1_v3^LEG_E1_LEFT_V3-1/E1_CALF_FRAME_2_ASM_5_MIR_ASM_1_ASM-1/122343543_ASM_1_ASM-1/F1018M_ASM_02_A_1_ASM_1_MIR_ASM_ASM-1/BALL_02_A_1_1_MIR_1-2;LEG_E1_LEFT_V3-1/l_knee_pitch_e1_v3^LEG_E1_LEFT_V3-1/E1_CALF_FRAME_2_ASM_5_MIR_ASM_1_ASM-1/122343543_ASM_1_ASM-1/F1018M_ASM_02_A_1_ASM_1_MIR_ASM_ASM-1/BALL_02_A_1_1_MIR_1-3;LEG_E1_LEFT_V3-1/l_knee_pitch_e1_v3^LEG_E1_LEFT_V3-1/E1_CALF_FRAME_2_ASM_5_MIR_ASM_1_ASM-1/122343543_ASM_1_ASM-1/F1018M_ASM_02_A_1_ASM_1_MIR_ASM_ASM-1/BALL_02_A_1_1_MIR_1-4;LEG_E1_LEFT_V3-1/l_knee_pitch_e1_v3^LEG_E1_LEFT_V3-1/E1_CALF_FRAME_2_ASM_5_MIR_ASM_1_ASM-1/122343543_ASM_1_ASM-1/F1018M_ASM_02_A_1_ASM_1_MIR_ASM_ASM-1/BALL_02_A_1_1_MIR_1-5;LEG_E1_LEFT_V3-1/l_knee_pitch_e1_v3^LEG_E1_LEFT_V3-1/E1_CALF_FRAME_2_ASM_5_MIR_ASM_1_ASM-1/122343543_ASM_1_ASM-1/F1018M_ASM_02_A_1_ASM_1_MIR_ASM_ASM-1/CAGE_02_A_1_1_MIR_1-1;LEG_E1_LEFT_V3-1/l_knee_pitch_e1_v3^LEG_E1_LEFT_V3-1/E1_CALF_FRAME_2_ASM_5_MIR_ASM_1_ASM-1/122343543_ASM_1_ASM-1/F1018M_ASM_02_A_1_ASM_1_MIR_ASM_ASM-1/BALL_02_A_1_1_MIR_1-6;LEG_E1_LEFT_V3-1/l_knee_pitch_e1_v3^LEG_E1_LEFT_V3-1/E1_CALF_FRAME_2_ASM_5_MIR_ASM_1_ASM-1/122343543_ASM_1_ASM-1/F1018M_ASM_02_A_1_ASM_1_MIR_ASM_ASM-1/BALL_02_A_1_1_MIR_1-7;LEG_E1_LEFT_V3-1/l_knee_pitch_e1_v3^LEG_E1_LEFT_V3-1/E1_CALF_FRAME_2_ASM_5_MIR_ASM_1_ASM-1/122343543_ASM_1_ASM-1/F1018M_ASM_02_A_1_ASM_1_MIR_ASM_ASM-1/BALL_02_A_1_1_MIR_1-8;LEG_E1_LEFT_V3-1/l_knee_pitch_e1_v3^LEG_E1_LEFT_V3-1/E1_CALF_FRAME_2_ASM_5_MIR_ASM_1_ASM-1/122343543_ASM_1_ASM-1/F1018M_ASM_02_A_1_ASM_1_MIR_ASM_ASM-1/BALL_02_A_1_1_MIR_1-9;LEG_E1_LEFT_V3-1/l_knee_pitch_e1_v3^LEG_E1_LEFT_V3-1/E1_CALF_FRAME_2_ASM_5_MIR_ASM_1_ASM-1/122343543_ASM_1_ASM-1/F1018M_ASM_02_A_1_ASM_1_MIR_ASM_ASM-1/BALL_02_A_1_1_MIR_1-10;LEG_E1_LEFT_V3-1/l_knee_pitch_e1_v3^LEG_E1_LEFT_V3-1/E1_CALF_FRAME_2_ASM_5_MIR_ASM_1_ASM-1/122343543_ASM_1_ASM-1/BALL_BEARING__AXLE_E1_A_1_1_MIR-1;LEG_E1_LEFT_V3-1/l_knee_pitch_e1_v3^LEG_E1_LEFT_V3-1/E1_CALF_FRAME_2_ASM_5_MIR_ASM_1_ASM-1/122343543_ASM_1_ASM-1/GE10E_8_A_1_1_MIR_1-1;LEG_E1_LEFT_V3-1/l_knee_pitch_e1_v3^LEG_E1_LEFT_V3-1/E1_CALF_FRAME_2_ASM_5_MIR_ASM_1_ASM-1/00_5_A_1_1_MIR_1-3;LEG_E1_LEFT_V3-1/l_knee_pitch_e1_v3^LEG_E1_LEFT_V3-1/E1_CALF_FRAME_2_ASM_5_MIR_ASM_1_ASM-1/00_5_A_1_1_MIR_1-4;LEG_E1_LEFT_V3-1/l_knee_pitch_e1_v3^LEG_E1_LEFT_V3-1/E1_CALF_FRAME_2_ASM_5_MIR_ASM_1_ASM-1/CRANK_5_A_1_4_MIR_1-5;LEG_E1_LEFT_V3-1/l_knee_pitch_e1_v3^LEG_E1_LEFT_V3-1/E1_CALF_FRAME_2_ASM_5_MIR_ASM_1_ASM-1/CRANK_5_A_1_4_MIR_1-6;LEG_E1_LEFT_V3-1/l_knee_pitch_e1_v3^LEG_E1_LEFT_V3-1/E1_CALF_FRAME_2_ASM_5_MIR_ASM_1_ASM-1/000_5_A_1_2_MIR_1-1;LEG_E1_LEFT_V3-1/l_knee_pitch_e1_v3^LEG_E1_LEFT_V3-1/E1_CALF_FRAME_2_ASM_5_MIR_ASM_1_ASM-1/000_5_A_1_2_MIR_1-2;LEG_E1_LEFT_V3-1/l_knee_pitch_e1_v3^LEG_E1_LEFT_V3-1/E1_CALF_FRAME_2_ASM_5_MIR_ASM_1_ASM-1/4315--1;LEG_E1_LEFT_V3-1/l_knee_pitch_e1_v3^LEG_E1_LEFT_V3-1/E1_CALF_FRAME_2_ASM_5_MIR_ASM_1_ASM-1/4315--2;LEG_E1_LEFT_V3-1/l_knee_pitch_e1_v3^LEG_E1_LEFT_V3-1/E1LONG_ASM_20_ASM_02_A_1_AS_MIR_ASM-1/GE8C-907353_AF0_ASM_5_ASM_0_MIR_ASM-1/GE8C-778856_5_02_A_1_1_1_MIR-1;LEG_E1_LEFT_V3-1/l_knee_pitch_e1_v3^LEG_E1_LEFT_V3-1/E1LONG_ASM_20_ASM_02_A_1_AS_MIR_ASM-1/GE8C-907353_AF0_ASM_5_ASM_0_MIR_ASM-1/GE8C0_5_02_A_1_1_1_MIR-1;LEG_E1_LEFT_V3-1/l_knee_pitch_e1_v3^LEG_E1_LEFT_V3-1/E1LONG_ASM_20_ASM_02_A_1_AS_MIR_ASM-1/GE8C-907353_AF1_ASM_5_ASM_0_MIR_ASM-1/GE8C-778856_5_02_A_1_1_1_MIR-1;LEG_E1_LEFT_V3-1/l_knee_pitch_e1_v3^LEG_E1_LEFT_V3-1/E1LONG_ASM_20_ASM_02_A_1_AS_MIR_ASM-1/GE8C-907353_AF1_ASM_5_ASM_0_MIR_ASM-1/GE8C0_5_02_A_1_1_1_MIR-1;LEG_E1_LEFT_V3-1/l_knee_pitch_e1_v3^LEG_E1_LEFT_V3-1/E1LONG_ASM_20_ASM_02_A_1_AS_MIR_ASM-1/E1LONG_10_02_A_1_1_1_MIR-1;LEG_E1_LEFT_V3-1/l_knee_pitch_e1_v3^LEG_E1_LEFT_V3-1/E1SHORT_ASM_20_ASM_02_A_1_A_MIR_ASM-1/GE8C-907353_AF2_ASM_5_ASM_0_MIR_ASM-1/GE8C-778856_5_02_A_1_1_1_MIR-1;LEG_E1_LEFT_V3-1/l_knee_pitch_e1_v3^LEG_E1_LEFT_V3-1/E1SHORT_ASM_20_ASM_02_A_1_A_MIR_ASM-1/GE8C-907353_AF2_ASM_5_ASM_0_MIR_ASM-1/GE8C0_5_02_A_1_1_1_MIR-1;LEG_E1_LEFT_V3-1/l_knee_pitch_e1_v3^LEG_E1_LEFT_V3-1/E1SHORT_ASM_20_ASM_02_A_1_A_MIR_ASM-1/GE8C-907353_AF3_ASM_5_ASM_0_MIR_ASM-1/GE8C-778856_5_02_A_1_1_1_MIR-1;LEG_E1_LEFT_V3-1/l_knee_pitch_e1_v3^LEG_E1_LEFT_V3-1/E1SHORT_ASM_20_ASM_02_A_1_A_MIR_ASM-1/GE8C-907353_AF3_ASM_5_ASM_0_MIR_ASM-1/GE8C0_5_02_A_1_1_1_MIR-1;LEG_E1_LEFT_V3-1/l_knee_pitch_e1_v3^LEG_E1_LEFT_V3-1/E1SHORT_ASM_20_ASM_02_A_1_A_MIR_ASM-1/E1SHORT_13_02_A_1_1_1_MIR-1,l_leg_knee_cs,l_leg_knee_axis,l_leg_knee_joint,revolute,0.022227,0,-0.25403,0,0,0,l_leg_hip_pitch_link,0,1,0,0,0,0,2.36,,,,,,,,
l_leg_ankle_pitch_link,-5.85885506776407E-14,-7.48012762841199E-15,-3.42503803096861E-14,0,0,0,0.0595065784574786,9.87217924425312E-06,1.31685210730766E-21,-4.07950620197448E-13,1.76275074335883E-06,1.74674660636089E-21,1.00666226406403E-05,0,0,0,0,0,0,package://e1_asm/meshes/l_leg_ankle_pitch_link.STL,0.650980392156863,0.619607843137255,0.588235294117647,1,0,0,0,0,0,0,package://e1_asm/meshes/l_leg_ankle_pitch_link.STL,,LEG_E1_LEFT_V3-1/l_ankle_pitch_e1_v3^LEG_E1_LEFT_V3-1/AXIS-1_5_01_A_1_1_1_MIR-1,l_leg_ankle_pitch_cs,l_leg_ankle_pitch_axis,l_leg_ankle_pitch_joint,revolute,0,0.01825,-0.315,0,0,0,l_leg_knee_link,0,1,0,0,0,-1.01,0.42,,,,,,,,
l_leg_ankle_roll_link,0.00949647940036251,1.62521402299054E-05,-0.0267595049552943,0,0,0,0.850059010259709,0.000252550807957214,1.03284945854936E-08,1.38878323223873E-06,0.00119702553082215,1.29960943945084E-08,0.00126722238981761,0,0,0,0,0,0,package://e1_asm/meshes/l_leg_ankle_roll_link.STL,0.650980392156863,0.619607843137255,0.588235294117647,1,0,0,0,0,0,0,package://e1_asm/meshes/l_leg_ankle_roll_link.STL,,LEG_E1_LEFT_V3-1/l_ankle_roll_e1_v3^LEG_E1_LEFT_V3-1/SKF_BEARING_HK_1212_2_AS-33_MIR_ASM-1/1-59_5_01_A_1_1_1_MIR-1;LEG_E1_LEFT_V3-1/l_ankle_roll_e1_v3^LEG_E1_LEFT_V3-1/SKF_BEARING_HK_1212_2_AS-33_MIR_ASM-1/2_1_2_3_5_01_A_1_1_1_MIR-1;LEG_E1_LEFT_V3-1/l_ankle_roll_e1_v3^LEG_E1_LEFT_V3-1/SKF_BEARING_HK_1212_2_AS-33_MIR_ASM-1/3_1_5_01_A_1_1_1_MIR-1;LEG_E1_LEFT_V3-1/l_ankle_roll_e1_v3^LEG_E1_LEFT_V3-1/AXIS-2_5_01_A_1_1_1_MIR-1;LEG_E1_LEFT_V3-1/l_ankle_roll_e1_v3^LEG_E1_LEFT_V3-1/30101_ASM_5_ASM_02_A_1_ASM__MIR_ASM-1/30101-04_5_01_A_1_1_1_MIR-1;LEG_E1_LEFT_V3-1/l_ankle_roll_e1_v3^LEG_E1_LEFT_V3-1/30101_ASM_5_ASM_02_A_1_ASM__MIR_ASM-1/30101-04_5_01_A_1_1_1_MIR-2;LEG_E1_LEFT_V3-1/l_ankle_roll_e1_v3^LEG_E1_LEFT_V3-1/30101_ASM_5_ASM_02_A_1_ASM__MIR_ASM-1/30101-04_5_01_A_1_1_1_MIR-3;LEG_E1_LEFT_V3-1/l_ankle_roll_e1_v3^LEG_E1_LEFT_V3-1/30101_ASM_5_ASM_02_A_1_ASM__MIR_ASM-1/30101-04_5_01_A_1_1_1_MIR-4;LEG_E1_LEFT_V3-1/l_ankle_roll_e1_v3^LEG_E1_LEFT_V3-1/30101_ASM_5_ASM_02_A_1_ASM__MIR_ASM-1/30101-04_5_01_A_1_1_1_MIR-5;LEG_E1_LEFT_V3-1/l_ankle_roll_e1_v3^LEG_E1_LEFT_V3-1/30101_ASM_5_ASM_02_A_1_ASM__MIR_ASM-1/30101-04_5_01_A_1_1_1_MIR-6;LEG_E1_LEFT_V3-1/l_ankle_roll_e1_v3^LEG_E1_LEFT_V3-1/30101_ASM_5_ASM_02_A_1_ASM__MIR_ASM-1/30101-04_5_01_A_1_1_1_MIR-7;LEG_E1_LEFT_V3-1/l_ankle_roll_e1_v3^LEG_E1_LEFT_V3-1/30101_ASM_5_ASM_02_A_1_ASM__MIR_ASM-1/30101-04_5_01_A_1_1_1_MIR-8;LEG_E1_LEFT_V3-1/l_ankle_roll_e1_v3^LEG_E1_LEFT_V3-1/30101_ASM_5_ASM_02_A_1_ASM__MIR_ASM-1/30101-04_5_01_A_1_1_1_MIR-9;LEG_E1_LEFT_V3-1/l_ankle_roll_e1_v3^LEG_E1_LEFT_V3-1/30101_ASM_5_ASM_02_A_1_ASM__MIR_ASM-1/30101-04_5_01_A_1_1_1_MIR-10;LEG_E1_LEFT_V3-1/l_ankle_roll_e1_v3^LEG_E1_LEFT_V3-1/30101_ASM_5_ASM_02_A_1_ASM__MIR_ASM-1/30101-04_5_01_A_1_1_1_MIR-11;LEG_E1_LEFT_V3-1/l_ankle_roll_e1_v3^LEG_E1_LEFT_V3-1/30101_ASM_5_ASM_02_A_1_ASM__MIR_ASM-1/30101-04_5_01_A_1_1_1_MIR-12;LEG_E1_LEFT_V3-1/l_ankle_roll_e1_v3^LEG_E1_LEFT_V3-1/30101_ASM_5_ASM_02_A_1_ASM__MIR_ASM-1/30101-01_5_01_A_1_1_1_MIR-1;LEG_E1_LEFT_V3-1/l_ankle_roll_e1_v3^LEG_E1_LEFT_V3-1/30101_ASM_5_ASM_02_A_1_ASM__MIR_ASM-1/30101-07_5_01_A_1_1_1_MIR-1;LEG_E1_LEFT_V3-1/l_ankle_roll_e1_v3^LEG_E1_LEFT_V3-1/30101_ASM_5_ASM_02_A_1_ASM__MIR_ASM-1/30101-02_5_01_A_1_1_1_MIR-1;LEG_E1_LEFT_V3-1/l_ankle_roll_e1_v3^LEG_E1_LEFT_V3-1/30101_ASM_5_ASM_02_A_1_ASM__MIR_ASM-1/30101-04_5_01_A_1_1_1_MIR-13;LEG_E1_LEFT_V3-1/l_ankle_roll_e1_v3^LEG_E1_LEFT_V3-1/30101_ASM_5_ASM_02_A_1_ASM__MIR_ASM-2/30101-04_5_01_A_1_1_1_MIR-1;LEG_E1_LEFT_V3-1/l_ankle_roll_e1_v3^LEG_E1_LEFT_V3-1/30101_ASM_5_ASM_02_A_1_ASM__MIR_ASM-2/30101-04_5_01_A_1_1_1_MIR-2;LEG_E1_LEFT_V3-1/l_ankle_roll_e1_v3^LEG_E1_LEFT_V3-1/30101_ASM_5_ASM_02_A_1_ASM__MIR_ASM-2/30101-04_5_01_A_1_1_1_MIR-3;LEG_E1_LEFT_V3-1/l_ankle_roll_e1_v3^LEG_E1_LEFT_V3-1/30101_ASM_5_ASM_02_A_1_ASM__MIR_ASM-2/30101-04_5_01_A_1_1_1_MIR-4;LEG_E1_LEFT_V3-1/l_ankle_roll_e1_v3^LEG_E1_LEFT_V3-1/30101_ASM_5_ASM_02_A_1_ASM__MIR_ASM-2/30101-04_5_01_A_1_1_1_MIR-5;LEG_E1_LEFT_V3-1/l_ankle_roll_e1_v3^LEG_E1_LEFT_V3-1/30101_ASM_5_ASM_02_A_1_ASM__MIR_ASM-2/30101-04_5_01_A_1_1_1_MIR-6;LEG_E1_LEFT_V3-1/l_ankle_roll_e1_v3^LEG_E1_LEFT_V3-1/30101_ASM_5_ASM_02_A_1_ASM__MIR_ASM-2/30101-04_5_01_A_1_1_1_MIR-7;LEG_E1_LEFT_V3-1/l_ankle_roll_e1_v3^LEG_E1_LEFT_V3-1/30101_ASM_5_ASM_02_A_1_ASM__MIR_ASM-2/30101-04_5_01_A_1_1_1_MIR-8;LEG_E1_LEFT_V3-1/l_ankle_roll_e1_v3^LEG_E1_LEFT_V3-1/30101_ASM_5_ASM_02_A_1_ASM__MIR_ASM-2/30101-04_5_01_A_1_1_1_MIR-9;LEG_E1_LEFT_V3-1/l_ankle_roll_e1_v3^LEG_E1_LEFT_V3-1/30101_ASM_5_ASM_02_A_1_ASM__MIR_ASM-2/30101-04_5_01_A_1_1_1_MIR-10;LEG_E1_LEFT_V3-1/l_ankle_roll_e1_v3^LEG_E1_LEFT_V3-1/30101_ASM_5_ASM_02_A_1_ASM__MIR_ASM-2/30101-04_5_01_A_1_1_1_MIR-12;LEG_E1_LEFT_V3-1/l_ankle_roll_e1_v3^LEG_E1_LEFT_V3-1/30101_ASM_5_ASM_02_A_1_ASM__MIR_ASM-2/30101-01_5_01_A_1_1_1_MIR-1;LEG_E1_LEFT_V3-1/l_ankle_roll_e1_v3^LEG_E1_LEFT_V3-1/30101_ASM_5_ASM_02_A_1_ASM__MIR_ASM-2/30101-07_5_01_A_1_1_1_MIR-1;LEG_E1_LEFT_V3-1/l_ankle_roll_e1_v3^LEG_E1_LEFT_V3-1/30101_ASM_5_ASM_02_A_1_ASM__MIR_ASM-2/30101-02_5_01_A_1_1_1_MIR-1;LEG_E1_LEFT_V3-1/l_ankle_roll_e1_v3^LEG_E1_LEFT_V3-1/30101_ASM_5_ASM_02_A_1_ASM__MIR_ASM-2/30101-04_5_01_A_1_1_1_MIR-13;LEG_E1_LEFT_V3-1/l_ankle_roll_e1_v3^LEG_E1_LEFT_V3-1/SKF_BEARING_3200_ATN9_2_-33_MIR_ASM-1/1-61_5_01_A_1_1_1_MIR-1;LEG_E1_LEFT_V3-1/l_ankle_roll_e1_v3^LEG_E1_LEFT_V3-1/SKF_BEARING_3200_ATN9_2_-33_MIR_ASM-1/2_1_5_01_A_1_1_1_MIR-1;LEG_E1_LEFT_V3-1/l_ankle_roll_e1_v3^LEG_E1_LEFT_V3-1/SKF_BEARING_3200_ATN9_2_-33_MIR_ASM-1/3_5_02_A_1_1_1_MIR-1;LEG_E1_LEFT_V3-1/l_ankle_roll_e1_v3^LEG_E1_LEFT_V3-1/SKF_BEARING_3200_ATN9_2_-33_MIR_ASM-1/4_5_02_A_1_1_1_MIR-1;LEG_E1_LEFT_V3-1/l_ankle_roll_e1_v3^LEG_E1_LEFT_V3-1/NEW-CROSS-AXIS-SUPPORT_6_01_MIR-1;LEG_E1_LEFT_V3-1/l_ankle_roll_e1_v3^LEG_E1_LEFT_V3-1/0002_6_02_A_1_1_1_MIR-1;LEG_E1_LEFT_V3-1/l_ankle_roll_e1_v3^LEG_E1_LEFT_V3-1/PRT0069_6_02_A_1_1_1_MIR-1;LEG_E1_LEFT_V3-1/l_ankle_roll_e1_v3^LEG_E1_LEFT_V3-1/000_6_02_A_1_1_1_MIR-1;LEG_E1_LEFT_V3-1/l_ankle_roll_e1_v3^LEG_E1_LEFT_V3-1/LINKAGE-END-SUPPORT_5_02_A__MIR-1;LEG_E1_LEFT_V3-1/l_ankle_roll_e1_v3^LEG_E1_LEFT_V3-1/E1000_7_02_A_1_1_MIR_1-1;LEG_E1_LEFT_V3-1/l_ankle_roll_e1_v3^LEG_E1_LEFT_V3-1/E1000_38_A_1_1_MIR_1-1,l_leg_ankle_roll_cs,l_leg_ankle_roll_axis,l_leg_ankle_roll_joint,revolute,0,0,0,0,0,0,l_leg_ankle_pitch_link,1,0,0,0,0,-0.26,0.26,,,,,,,,
